<?xml version = '1.0' encoding = 'UTF-8'?>
<FKIndexAssociation class="oracle.dbtools.crest.model.design.relational.FKIndexAssociation" directorySegmentName="seg_0" id="0BFFA39A-98F4-8C61-B3C4-CEFB7E946C81" containerWithKeyObject="1B2A66CD-F520-C565-39FC-D3F7DA2F6D66" localFKIndex="F97E9B02-015A-5EC8-F1A7-E82F42F47D95" name="PRODUTO_ESTOQUE_PRODUTO_FK">
<createdBy>erasus</createdBy>
<createdTime>2024-02-24 00:31:27 UTC</createdTime>
<ownerDesignName>ControleEstoque</ownerDesignName>
<referredTableLongName>PRODUTO</referredTableLongName>
<deleteRule>NO ACTION</deleteRule>
<referredTableID>9BFF8ED9-AD60-EFEA-9810-7B9B1E9B5218</referredTableID>
<keyObject>7440A5C7-7294-6424-2CA9-494F66096D77</keyObject>
<referredKeyID>7440A5C7-7294-6424-2CA9-494F66096D77</referredKeyID>
<mandatory>true</mandatory>
<refColNames>CD_PRODUTO</refColNames>
<transferable>true</transferable>
<rely>false</rely>
<discriminatorColumn>26BD1214-F283-8788-635A-C9C4751FE843</discriminatorColumn>
<columnDependencyConstraintGenerateInDDL>true</columnDependencyConstraintGenerateInDDL>
</FKIndexAssociation>