<?xml version = '1.0' encoding = 'UTF-8'?>
<FKIndexAssociation class="oracle.dbtools.crest.model.design.relational.FKIndexAssociation" directorySegmentName="seg_0" id="1E69C674-2748-FBFA-0718-B2D4EE212859" containerWithKeyObject="C24E65AE-D02C-057B-A43E-5A11BE58A699" localFKIndex="99A7C419-4705-3D98-C59A-492A31D8CB1C" name="PEDIDO_PRODUTO_PRODUTO_FK">
<createdBy>erasus</createdBy>
<createdTime>2024-02-24 00:03:46 UTC</createdTime>
<ownerDesignName>ControleEstoque</ownerDesignName>
<referredTableLongName>PRODUTO</referredTableLongName>
<deleteRule>NO ACTION</deleteRule>
<referredTableID>9BFF8ED9-AD60-EFEA-9810-7B9B1E9B5218</referredTableID>
<keyObject>7440A5C7-7294-6424-2CA9-494F66096D77</keyObject>
<referredKeyID>7440A5C7-7294-6424-2CA9-494F66096D77</referredKeyID>
<mandatory>true</mandatory>
<refColNames>CD_PRODUTO</refColNames>
<transferable>true</transferable>
<rely>false</rely>
<discriminatorColumn>26BD1214-F283-8788-635A-C9C4751FE843</discriminatorColumn>
<columnDependencyConstraintGenerateInDDL>true</columnDependencyConstraintGenerateInDDL>
</FKIndexAssociation>