<?xml version = '1.0' encoding = 'UTF-8'?>
<FKIndexAssociation class="oracle.dbtools.crest.model.design.relational.FKIndexAssociation" directorySegmentName="seg_0" id="5BB09CB7-3887-E216-7B2F-86EF291D576B" containerWithKeyObject="CCF4DB22-66F5-572C-A9F5-E5DD1B2F83E3" localFKIndex="AE99A77F-20B9-6807-F432-B01F681A2279" name="TRANSACAO_PEDIDO_PRODUTO_FK">
<createdBy>erasus</createdBy>
<createdTime>2024-02-24 00:22:02 UTC</createdTime>
<ownerDesignName>ControleEstoque</ownerDesignName>
<referredTableLongName>PEDIDO_PRODUTO</referredTableLongName>
<deleteRule>NO ACTION</deleteRule>
<referredTableID>C24E65AE-D02C-057B-A43E-5A11BE58A699</referredTableID>
<keyObject>A25E20D6-8E8C-81BD-C143-C134178A6807</keyObject>
<referredKeyID>A25E20D6-8E8C-81BD-C143-C134178A6807</referredKeyID>
<mandatory>true</mandatory>
<refColNames>CD_PEDIDO,CD_PRODUTO</refColNames>
<transferable>true</transferable>
<rely>false</rely>
<columnDependencyConstraintGenerateInDDL>true</columnDependencyConstraintGenerateInDDL>
</FKIndexAssociation>