<?xml version = '1.0' encoding = 'UTF-8'?>
<FKIndexAssociation class="oracle.dbtools.crest.model.design.relational.FKIndexAssociation" directorySegmentName="seg_0" id="5F69598C-59D0-E976-27BD-36853B162CBF" containerWithKeyObject="AC0F4D98-F565-144C-7A0B-E72D9A2D38CF" localFKIndex="99514536-BCC7-4E15-71F1-02D93D5B830B" name="ENDERECO_MUNICIPIO_FK">
<createdBy>erasus</createdBy>
<createdTime>2024-02-23 23:19:41 UTC</createdTime>
<ownerDesignName>ControleEstoque</ownerDesignName>
<referredTableLongName>MUNICIPIO</referredTableLongName>
<deleteRule>NO ACTION</deleteRule>
<referredTableID>B16E23AC-CB30-34FA-1671-21A01CEE5575</referredTableID>
<keyObject>BEDCD79D-B046-C99B-218B-96456345DB6C</keyObject>
<referredKeyID>BEDCD79D-B046-C99B-218B-96456345DB6C</referredKeyID>
<mandatory>true</mandatory>
<refColNames>CD_MUNICIPIO</refColNames>
<transferable>true</transferable>
<rely>false</rely>
<discriminatorColumn>878AC47C-1B2D-6917-18BB-39F106C3F225</discriminatorColumn>
<columnDependencyConstraintGenerateInDDL>true</columnDependencyConstraintGenerateInDDL>
</FKIndexAssociation>