<?xml version = '1.0' encoding = 'UTF-8'?>
<FKIndexAssociation class="oracle.dbtools.crest.model.design.relational.FKIndexAssociation" directorySegmentName="seg_0" id="62B99909-41BD-5211-587E-096A2E09C551" containerWithKeyObject="1B2A66CD-F520-C565-39FC-D3F7DA2F6D66" localFKIndex="EA7F5934-565B-8847-2F0F-A67E265C490F" name="PRODUTO_ESTOQUE_ESTOQUE_FK">
<createdBy>erasus</createdBy>
<createdTime>2024-02-24 00:31:37 UTC</createdTime>
<ownerDesignName>ControleEstoque</ownerDesignName>
<referredTableLongName>ESTOQUE</referredTableLongName>
<deleteRule>NO ACTION</deleteRule>
<referredTableID>D6AFA919-3F04-7A88-460F-3A29CB454023</referredTableID>
<keyObject>D2922BFB-4446-499C-7418-162E493F43E7</keyObject>
<referredKeyID>D2922BFB-4446-499C-7418-162E493F43E7</referredKeyID>
<mandatory>true</mandatory>
<refColNames>CD_ESTOQUE</refColNames>
<transferable>true</transferable>
<rely>false</rely>
<discriminatorColumn>414C9E12-6FE5-5817-1B4A-5CF77E81575B</discriminatorColumn>
<columnDependencyConstraintGenerateInDDL>true</columnDependencyConstraintGenerateInDDL>
</FKIndexAssociation>