<?xml version = '1.0' encoding = 'UTF-8'?>
<FKIndexAssociation class="oracle.dbtools.crest.model.design.relational.FKIndexAssociation" directorySegmentName="seg_0" id="62BAB2BD-C816-0819-47B1-848A213ECF0C" containerWithKeyObject="D8863BD5-7256-874B-465F-D25D37DD855E" localFKIndex="437F8FE5-0690-7436-43F4-5056CD943AB7" name="FORNECEDOR_PESSOA_FK">
<createdBy>erasus</createdBy>
<createdTime>2024-02-23 23:38:16 UTC</createdTime>
<ownerDesignName>ControleEstoque</ownerDesignName>
<referredTableLongName>PESSOA</referredTableLongName>
<deleteRule>NO ACTION</deleteRule>
<referredTableID>C99082CC-885A-04C2-37BB-4140D154F688</referredTableID>
<keyObject>C9718D13-659B-F92F-A8CC-3765A146171D</keyObject>
<referredKeyID>C9718D13-659B-F92F-A8CC-3765A146171D</referredKeyID>
<mandatory>true</mandatory>
<refColNames>CD_PESSOA</refColNames>
<transferable>true</transferable>
<rely>false</rely>
<discriminatorColumn>FF37A9E4-2F24-2961-6319-6C3ACC95BD88</discriminatorColumn>
<columnDependencyConstraintGenerateInDDL>true</columnDependencyConstraintGenerateInDDL>
</FKIndexAssociation>