<?xml version = '1.0' encoding = 'UTF-8'?>
<FKIndexAssociation class="oracle.dbtools.crest.model.design.relational.FKIndexAssociation" directorySegmentName="seg_0" id="817A7258-48B0-2F97-72CF-68D42CE7783E" containerWithKeyObject="41DDD8D0-BD6D-D86B-CF19-397CB1C9E0DD" localFKIndex="54068D97-249A-1DBE-92E7-97437F12261A" name="PRODUTO_FORNECEDOR_FORNECEDOR_FK">
<createdBy>erasus</createdBy>
<createdTime>2024-02-23 23:53:02 UTC</createdTime>
<ownerDesignName>ControleEstoque</ownerDesignName>
<referredTableLongName>FORNECEDOR</referredTableLongName>
<deleteRule>NO ACTION</deleteRule>
<referredTableID>D8863BD5-7256-874B-465F-D25D37DD855E</referredTableID>
<keyObject>E0737D6B-EA77-07AF-0FBD-FB8C5028D8FF</keyObject>
<referredKeyID>E0737D6B-EA77-07AF-0FBD-FB8C5028D8FF</referredKeyID>
<mandatory>true</mandatory>
<refColNames>CD_FORNECEDOR</refColNames>
<transferable>true</transferable>
<rely>false</rely>
<discriminatorColumn>FBA82292-F674-E480-8D24-A707ACB98DCA</discriminatorColumn>
<columnDependencyConstraintGenerateInDDL>true</columnDependencyConstraintGenerateInDDL>
</FKIndexAssociation>