<?xml version = '1.0' encoding = 'UTF-8'?>
<FKIndexAssociation class="oracle.dbtools.crest.model.design.relational.FKIndexAssociation" directorySegmentName="seg_0" id="B88A99FF-1DA7-AC8B-6F1D-6D8149638F5E" containerWithKeyObject="C24E65AE-D02C-057B-A43E-5A11BE58A699" localFKIndex="F99B82DD-B50E-29FF-AE7A-9A05F70D3EEC" name="PEDIDO_PRODUTO_PEDIDO_FK">
<createdBy>erasus</createdBy>
<createdTime>2024-02-24 00:02:31 UTC</createdTime>
<ownerDesignName>ControleEstoque</ownerDesignName>
<referredTableLongName>PEDIDO</referredTableLongName>
<deleteRule>NO ACTION</deleteRule>
<referredTableID>64AFB997-7360-3BDE-2C90-BCE0FE55B6E5</referredTableID>
<keyObject>EA3AA0A4-7B8A-E21D-3D80-85BCB97F7F66</keyObject>
<referredKeyID>EA3AA0A4-7B8A-E21D-3D80-85BCB97F7F66</referredKeyID>
<mandatory>true</mandatory>
<refColNames>CD_PEDIDO</refColNames>
<transferable>true</transferable>
<rely>false</rely>
<discriminatorColumn>ACE73B25-11BB-D797-C1D1-B6B6A8F55D16</discriminatorColumn>
<columnDependencyConstraintGenerateInDDL>true</columnDependencyConstraintGenerateInDDL>
</FKIndexAssociation>