<?xml version = '1.0' encoding = 'UTF-8'?>
<FKIndexAssociation class="oracle.dbtools.crest.model.design.relational.FKIndexAssociation" directorySegmentName="seg_0" id="C15D97F6-BA65-7130-E9DB-953D67EFEC30" containerWithKeyObject="64AFB997-7360-3BDE-2C90-BCE0FE55B6E5" localFKIndex="260DBB38-3C93-500C-79C7-DBB19D7CED7B" name="PEDIDO_PESSOA_FK">
<createdBy>erasus</createdBy>
<createdTime>2024-02-24 00:47:25 UTC</createdTime>
<ownerDesignName>ControleEstoque</ownerDesignName>
<referredTableLongName>PESSOA</referredTableLongName>
<deleteRule>NO ACTION</deleteRule>
<referredTableID>C99082CC-885A-04C2-37BB-4140D154F688</referredTableID>
<keyObject>C9718D13-659B-F92F-A8CC-3765A146171D</keyObject>
<referredKeyID>C9718D13-659B-F92F-A8CC-3765A146171D</referredKeyID>
<mandatory>true</mandatory>
<refColNames>CD_PESSOA</refColNames>
<transferable>true</transferable>
<rely>false</rely>
<discriminatorColumn>FF37A9E4-2F24-2961-6319-6C3ACC95BD88</discriminatorColumn>
<columnDependencyConstraintGenerateInDDL>true</columnDependencyConstraintGenerateInDDL>
</FKIndexAssociation>