<?xml version = '1.0' encoding = 'UTF-8'?>
<FKIndexAssociation class="oracle.dbtools.crest.model.design.relational.FKIndexAssociation" directorySegmentName="seg_0" id="CDEBB3B6-C7EC-E7D4-57EC-77B437C94947" containerWithKeyObject="CCF4DB22-66F5-572C-A9F5-E5DD1B2F83E3" localFKIndex="FD5A8C32-3938-D25F-C21A-A0F926D52B78" name="TRANSACAO_PRODUTO_ESTOQUE_FK">
<createdBy>erasus</createdBy>
<createdTime>2024-02-24 00:45:55 UTC</createdTime>
<ownerDesignName>ControleEstoque</ownerDesignName>
<referredTableLongName>PRODUTO_ESTOQUE</referredTableLongName>
<deleteRule>NO ACTION</deleteRule>
<referredTableID>1B2A66CD-F520-C565-39FC-D3F7DA2F6D66</referredTableID>
<keyObject>31FC91B0-5779-2B5E-4F16-71127B5837B6</keyObject>
<referredKeyID>31FC91B0-5779-2B5E-4F16-71127B5837B6</referredKeyID>
<mandatory>true</mandatory>
<refColNames>CD_PRODUTO,CD_ESTOQUE</refColNames>
<transferable>true</transferable>
<rely>false</rely>
<columnDependencyConstraintGenerateInDDL>true</columnDependencyConstraintGenerateInDDL>
</FKIndexAssociation>