<?xml version = '1.0' encoding = 'UTF-8'?>
<FKIndexAssociation class="oracle.dbtools.crest.model.design.relational.FKIndexAssociation" directorySegmentName="seg_0" id="D3BB5BF3-C4F5-F847-278B-2BAB8278D8B2" containerWithKeyObject="C99082CC-885A-04C2-37BB-4140D154F688" localFKIndex="CC8B193F-8383-EB6D-A395-AA44855CCFA2" name="PESSOA_ENDERECO_FK">
<createdBy>erasus</createdBy>
<createdTime>2024-02-23 23:28:20 UTC</createdTime>
<ownerDesignName>ControleEstoque</ownerDesignName>
<referredTableLongName>ENDERECO</referredTableLongName>
<deleteRule>NO ACTION</deleteRule>
<referredTableID>AC0F4D98-F565-144C-7A0B-E72D9A2D38CF</referredTableID>
<keyObject>C2E1072B-FB92-8A7B-56B6-8B26BC907BBD</keyObject>
<referredKeyID>C2E1072B-FB92-8A7B-56B6-8B26BC907BBD</referredKeyID>
<mandatory>true</mandatory>
<refColNames>CD_ENDERECO</refColNames>
<transferable>true</transferable>
<rely>false</rely>
<discriminatorColumn>7554EE51-C53B-305E-9826-C135188E9EBF</discriminatorColumn>
<columnDependencyConstraintGenerateInDDL>true</columnDependencyConstraintGenerateInDDL>
</FKIndexAssociation>