<?xml version = '1.0' encoding = 'UTF-8'?>
<FKIndexAssociation class="oracle.dbtools.crest.model.design.relational.FKIndexAssociation" directorySegmentName="seg_0" id="D5B8D2F3-A72D-BFD1-893A-EB57EB7457AE" containerWithKeyObject="3CABBB25-B6F1-BE46-DA92-4F9D282445D8" localFKIndex="E8B745B4-AB1D-93FA-7AE1-A559E6F4C9F5" name="CLIENTE_PESSOA_FK">
<createdBy>erasus</createdBy>
<createdTime>2024-02-23 23:37:59 UTC</createdTime>
<ownerDesignName>ControleEstoque</ownerDesignName>
<referredTableLongName>PESSOA</referredTableLongName>
<deleteRule>NO ACTION</deleteRule>
<referredTableID>C99082CC-885A-04C2-37BB-4140D154F688</referredTableID>
<keyObject>C9718D13-659B-F92F-A8CC-3765A146171D</keyObject>
<referredKeyID>C9718D13-659B-F92F-A8CC-3765A146171D</referredKeyID>
<mandatory>true</mandatory>
<refColNames>CD_PESSOA</refColNames>
<transferable>true</transferable>
<rely>false</rely>
<discriminatorColumn>FF37A9E4-2F24-2961-6319-6C3ACC95BD88</discriminatorColumn>
<columnDependencyConstraintGenerateInDDL>true</columnDependencyConstraintGenerateInDDL>
</FKIndexAssociation>