<?xml version = '1.0' encoding = 'UTF-8'?>
<FKIndexAssociation class="oracle.dbtools.crest.model.design.relational.FKIndexAssociation" directorySegmentName="seg_0" id="F1195144-4DD2-F2B1-1591-58266B2967CE" containerWithKeyObject="41DDD8D0-BD6D-D86B-CF19-397CB1C9E0DD" localFKIndex="CB53CE58-E3FE-BC79-8F7E-AB2F2EB10D7B" name="PRODUTO_FORNECEDOR_PRODUTO_FK">
<createdBy>erasus</createdBy>
<createdTime>2024-02-23 23:52:30 UTC</createdTime>
<ownerDesignName>ControleEstoque</ownerDesignName>
<referredTableLongName>PRODUTO</referredTableLongName>
<deleteRule>NO ACTION</deleteRule>
<referredTableID>9BFF8ED9-AD60-EFEA-9810-7B9B1E9B5218</referredTableID>
<keyObject>7440A5C7-7294-6424-2CA9-494F66096D77</keyObject>
<referredKeyID>7440A5C7-7294-6424-2CA9-494F66096D77</referredKeyID>
<mandatory>true</mandatory>
<refColNames>CD_PRODUTO</refColNames>
<transferable>true</transferable>
<rely>false</rely>
<discriminatorColumn>26BD1214-F283-8788-635A-C9C4751FE843</discriminatorColumn>
<columnDependencyConstraintGenerateInDDL>true</columnDependencyConstraintGenerateInDDL>
</FKIndexAssociation>