<?xml version = '1.0' encoding = 'UTF-8'?>
<Table class="oracle.dbtools.crest.model.design.relational.Table" directorySegmentName="seg_0" id="1B2A66CD-F520-C565-39FC-D3F7DA2F6D66" name="PRODUTO_ESTOQUE">
<createdBy>erasus</createdBy>
<createdTime>2024-02-24 00:27:09 UTC</createdTime>
<ownerDesignName>ControleEstoque</ownerDesignName>
<ordsAlias>table_20</ordsAlias>
<allowColumnReorder>false</allowColumnReorder>
<existDependencyGenerateInDDl>true</existDependencyGenerateInDDl>
<parsed>true</parsed>
<columns itemClass="oracle.dbtools.crest.model.design.relational.Column">
<Column name="CD_PRODUTO" id="63BC8765-5A2A-4E0C-CE52-9F1C32CEC0E4">
<createdBy>erasus</createdBy>
<createdTime>2024-02-24 00:30:06 UTC</createdTime>
<ownerDesignName>ControleEstoque</ownerDesignName>
<useDomainConstraints>false</useDomainConstraints>
<use>1</use>
<logicalDatatype>LOGDT018</logicalDatatype>
<ownDataTypeParameters>,,</ownDataTypeParameters>
<autoIncrementCycle>false</autoIncrementCycle>
<associations>
<colAssociation fkAssociation="0BFFA39A-98F4-8C61-B3C4-CEFB7E946C81" referredColumn="26BD1214-F283-8788-635A-C9C4751FE843"/>
</associations>
</Column>
<Column name="CD_ESTOQUE" id="EC8E2192-699E-81C6-8B3D-84F361603C6C">
<createdBy>erasus</createdBy>
<createdTime>2024-02-24 00:30:06 UTC</createdTime>
<ownerDesignName>ControleEstoque</ownerDesignName>
<useDomainConstraints>false</useDomainConstraints>
<use>1</use>
<logicalDatatype>LOGDT018</logicalDatatype>
<ownDataTypeParameters>,,</ownDataTypeParameters>
<autoIncrementCycle>false</autoIncrementCycle>
<associations>
<colAssociation fkAssociation="62B99909-41BD-5211-587E-096A2E09C551" referredColumn="414C9E12-6FE5-5817-1B4A-5CF77E81575B"/>
</associations>
</Column>
<Column name="NR_LOTEPRODUTO" id="789AE7D7-28EB-97D1-6E9E-F4E56D87C2B2">
<createdBy>erasus</createdBy>
<createdTime>2024-02-24 00:30:06 UTC</createdTime>
<ownerDesignName>ControleEstoque</ownerDesignName>
<useDomainConstraints>false</useDomainConstraints>
<use>1</use>
<logicalDatatype>LOGDT019</logicalDatatype>
<dataTypePrecision>5</dataTypePrecision>
<ownDataTypeParameters>,5,</ownDataTypeParameters>
<autoIncrementCycle>false</autoIncrementCycle>
</Column>
<Column name="QT_PRODUTO" id="CC17E217-3279-F21B-4C7D-4923F08D051B">
<createdBy>erasus</createdBy>
<createdTime>2024-02-24 00:30:06 UTC</createdTime>
<ownerDesignName>ControleEstoque</ownerDesignName>
<useDomainConstraints>false</useDomainConstraints>
<use>1</use>
<logicalDatatype>LOGDT019</logicalDatatype>
<dataTypePrecision>7</dataTypePrecision>
<dataTypeScale>2</dataTypeScale>
<ownDataTypeParameters>,7,2</ownDataTypeParameters>
<autoIncrementCycle>false</autoIncrementCycle>
</Column>
<Column name="DT_VALIDADE" id="14465A81-BF0C-B619-3EB5-C3092004AD58">
<createdBy>erasus</createdBy>
<createdTime>2024-02-24 00:30:06 UTC</createdTime>
<ownerDesignName>ControleEstoque</ownerDesignName>
<useDomainConstraints>false</useDomainConstraints>
<use>1</use>
<logicalDatatype>LOGDT008</logicalDatatype>
<ownDataTypeParameters>,,</ownDataTypeParameters>
<autoIncrementCycle>false</autoIncrementCycle>
</Column>
</columns>
<indexes itemClass="oracle.dbtools.crest.model.design.relational.Index">
<ind_PK_UK id="31FC91B0-5779-2B5E-4F16-71127B5837B6" name="PRODUTO_ESTOQUE_PK">
<createdBy>erasus</createdBy>
<createdTime>2024-02-24 00:30:06 UTC</createdTime>
<ownerDesignName>ControleEstoque</ownerDesignName>
<pk>true</pk>
<indexState>Primary Constraint</indexState>
<isSurrogateKey>false</isSurrogateKey>
<indexColumnUsage>
<colUsage columnID="63BC8765-5A2A-4E0C-CE52-9F1C32CEC0E4"/>
<colUsage columnID="EC8E2192-699E-81C6-8B3D-84F361603C6C"/>
</indexColumnUsage>
</ind_PK_UK>
<ind_PK_UK id="F97E9B02-015A-5EC8-F1A7-E82F42F47D95" name="PRODUTO_ESTOQUE_PRODUTO_FK">
<createdBy>erasus</createdBy>
<createdTime>2024-02-24 00:31:27 UTC</createdTime>
<ownerDesignName>ControleEstoque</ownerDesignName>
<indexState>Foreign Key</indexState>
<isSurrogateKey>false</isSurrogateKey>
<indexColumnUsage>
<colUsage columnID="63BC8765-5A2A-4E0C-CE52-9F1C32CEC0E4"/>
</indexColumnUsage>
</ind_PK_UK>
<ind_PK_UK id="EA7F5934-565B-8847-2F0F-A67E265C490F" name="PRODUTO_ESTOQUE_ESTOQUE_FK">
<createdBy>erasus</createdBy>
<createdTime>2024-02-24 00:31:37 UTC</createdTime>
<ownerDesignName>ControleEstoque</ownerDesignName>
<indexState>Foreign Key</indexState>
<isSurrogateKey>false</isSurrogateKey>
<indexColumnUsage>
<colUsage columnID="EC8E2192-699E-81C6-8B3D-84F361603C6C"/>
</indexColumnUsage>
</ind_PK_UK>
</indexes>
</Table>