<?xml version = '1.0' encoding = 'UTF-8'?>
<Table class="oracle.dbtools.crest.model.design.relational.Table" directorySegmentName="seg_0" id="3CABBB25-B6F1-BE46-DA92-4F9D282445D8" name="CLIENTE">
<createdBy>erasus</createdBy>
<createdTime>2024-02-23 23:30:18 UTC</createdTime>
<ownerDesignName>ControleEstoque</ownerDesignName>
<ordsAlias>table_7</ordsAlias>
<allowColumnReorder>false</allowColumnReorder>
<existDependencyGenerateInDDl>true</existDependencyGenerateInDDl>
<parsed>true</parsed>
<columns itemClass="oracle.dbtools.crest.model.design.relational.Column">
<Column name="CD_CLIENTE" id="10203BB5-FDCD-008F-1A4E-9235A3539A89">
<createdBy>erasus</createdBy>
<createdTime>2024-02-23 23:34:21 UTC</createdTime>
<ownerDesignName>ControleEstoque</ownerDesignName>
<useDomainConstraints>false</useDomainConstraints>
<use>1</use>
<logicalDatatype>LOGDT019</logicalDatatype>
<dataTypePrecision>7</dataTypePrecision>
<ownDataTypeParameters>,7,</ownDataTypeParameters>
<autoIncrementCycle>false</autoIncrementCycle>
<associations>
<colAssociation fkAssociation="D5B8D2F3-A72D-BFD1-893A-EB57EB7457AE" referredColumn="FF37A9E4-2F24-2961-6319-6C3ACC95BD88"/>
</associations>
</Column>
<Column name="NR_CPF" id="81D0CBFC-CF25-C913-FA23-60B451AAE0F9">
<createdBy>erasus</createdBy>
<createdTime>2024-02-23 23:34:21 UTC</createdTime>
<ownerDesignName>ControleEstoque</ownerDesignName>
<useDomainConstraints>false</useDomainConstraints>
<use>1</use>
<logicalDatatype>LOGDT025</logicalDatatype>
<dataTypeSize>11 CHAR</dataTypeSize>
<ownDataTypeParameters>11 CHAR,,</ownDataTypeParameters>
<autoIncrementCycle>false</autoIncrementCycle>
</Column>
<Column name="DT_NASCIMENTO" id="FFE4E6E3-0659-A2EB-E1BA-677E0B0845E9">
<createdBy>erasus</createdBy>
<createdTime>2024-02-23 23:34:21 UTC</createdTime>
<ownerDesignName>ControleEstoque</ownerDesignName>
<useDomainConstraints>false</useDomainConstraints>
<use>1</use>
<logicalDatatype>LOGDT007</logicalDatatype>
<ownDataTypeParameters>,,</ownDataTypeParameters>
<autoIncrementCycle>false</autoIncrementCycle>
</Column>
<Column name="TP_GENERO" id="F066B119-A7ED-B927-9A0D-10BDB6A50216">
<createdBy>erasus</createdBy>
<createdTime>2024-02-23 23:34:21 UTC</createdTime>
<ownerDesignName>ControleEstoque</ownerDesignName>
<useDomainConstraints>false</useDomainConstraints>
<use>1</use>
<logicalDatatype>LOGDT025</logicalDatatype>
<dataTypeSize>1 CHAR</dataTypeSize>
<ownDataTypeParameters>1 CHAR,,</ownDataTypeParameters>
<autoIncrementCycle>false</autoIncrementCycle>
</Column>
</columns>
<indexes itemClass="oracle.dbtools.crest.model.design.relational.Index">
<ind_PK_UK id="7FF2A012-4681-A30C-5A29-E5F7E4BA2A1B" name="CLIENTE_PK">
<createdBy>erasus</createdBy>
<createdTime>2024-02-23 23:34:21 UTC</createdTime>
<ownerDesignName>ControleEstoque</ownerDesignName>
<pk>true</pk>
<indexState>Primary Constraint</indexState>
<isSurrogateKey>false</isSurrogateKey>
<indexColumnUsage>
<colUsage columnID="10203BB5-FDCD-008F-1A4E-9235A3539A89"/>
</indexColumnUsage>
</ind_PK_UK>
<ind_PK_UK id="2B4EAB14-0497-540A-8EF8-86F541677F19" name="CLIENTE_CPF_UN">
<createdBy>erasus</createdBy>
<createdTime>2024-02-23 23:34:21 UTC</createdTime>
<ownerDesignName>ControleEstoque</ownerDesignName>
<indexState>Unique Constraint</indexState>
<isSurrogateKey>false</isSurrogateKey>
<indexColumnUsage>
<colUsage columnID="81D0CBFC-CF25-C913-FA23-60B451AAE0F9"/>
</indexColumnUsage>
</ind_PK_UK>
<ind_PK_UK id="D1219B34-3F9D-BE71-A6E3-52D25BA2C188" name="CLIENTE_CPF_IDX">
<createdBy>erasus</createdBy>
<createdTime>2024-02-23 23:34:21 UTC</createdTime>
<ownerDesignName>ControleEstoque</ownerDesignName>
<indexState>Unique Plain Index</indexState>
<isSurrogateKey>false</isSurrogateKey>
<indexColumnUsage>
<colUsage columnID="81D0CBFC-CF25-C913-FA23-60B451AAE0F9"/>
</indexColumnUsage>
</ind_PK_UK>
<ind_PK_UK id="E8B745B4-AB1D-93FA-7AE1-A559E6F4C9F5" name="CLIENTE_PESSOA_FK">
<createdBy>erasus</createdBy>
<createdTime>2024-02-23 23:37:59 UTC</createdTime>
<ownerDesignName>ControleEstoque</ownerDesignName>
<indexState>Foreign Key</indexState>
<isSurrogateKey>false</isSurrogateKey>
<indexColumnUsage>
<colUsage columnID="10203BB5-FDCD-008F-1A4E-9235A3539A89"/>
</indexColumnUsage>
</ind_PK_UK>
</indexes>
</Table>