<?xml version = '1.0' encoding = 'UTF-8'?>
<Table class="oracle.dbtools.crest.model.design.relational.Table" directorySegmentName="seg_0" id="41DDD8D0-BD6D-D86B-CF19-397CB1C9E0DD" name="PRODUTO_FORNECEDOR">
<createdBy>erasus</createdBy>
<createdTime>2024-02-23 23:48:51 UTC</createdTime>
<ownerDesignName>ControleEstoque</ownerDesignName>
<ordsAlias>table_12</ordsAlias>
<allowColumnReorder>false</allowColumnReorder>
<existDependencyGenerateInDDl>true</existDependencyGenerateInDDl>
<parsed>true</parsed>
<columns itemClass="oracle.dbtools.crest.model.design.relational.Column">
<Column name="CD_PRODUTO" id="06FC3FE8-DD17-05A4-B03D-21DAF20FA446">
<createdBy>erasus</createdBy>
<createdTime>2024-02-23 23:50:18 UTC</createdTime>
<ownerDesignName>ControleEstoque</ownerDesignName>
<useDomainConstraints>false</useDomainConstraints>
<use>1</use>
<logicalDatatype>LOGDT018</logicalDatatype>
<ownDataTypeParameters>,,</ownDataTypeParameters>
<autoIncrementCycle>false</autoIncrementCycle>
<associations>
<colAssociation fkAssociation="F1195144-4DD2-F2B1-1591-58266B2967CE" referredColumn="26BD1214-F283-8788-635A-C9C4751FE843"/>
</associations>
</Column>
<Column name="CD_FORNECEDOR" id="345513C6-55EB-215D-1D1E-CFA6FDD10CEC">
<createdBy>erasus</createdBy>
<createdTime>2024-02-23 23:50:18 UTC</createdTime>
<ownerDesignName>ControleEstoque</ownerDesignName>
<useDomainConstraints>false</useDomainConstraints>
<use>1</use>
<logicalDatatype>LOGDT019</logicalDatatype>
<dataTypePrecision>7</dataTypePrecision>
<ownDataTypeParameters>,,</ownDataTypeParameters>
<autoIncrementCycle>false</autoIncrementCycle>
<associations>
<colAssociation fkAssociation="817A7258-48B0-2F97-72CF-68D42CE7783E" referredColumn="FBA82292-F674-E480-8D24-A707ACB98DCA"/>
</associations>
</Column>
<Column name="VL_PRODUTOFORNECEDOR" id="E62B35EC-0A3C-483D-A535-011918BCB68D">
<createdBy>erasus</createdBy>
<createdTime>2024-02-23 23:50:18 UTC</createdTime>
<ownerDesignName>ControleEstoque</ownerDesignName>
<useDomainConstraints>false</useDomainConstraints>
<use>1</use>
<logicalDatatype>LOGDT019</logicalDatatype>
<dataTypePrecision>7</dataTypePrecision>
<ownDataTypeParameters>,7,</ownDataTypeParameters>
<autoIncrementCycle>false</autoIncrementCycle>
</Column>
</columns>
<indexes itemClass="oracle.dbtools.crest.model.design.relational.Index">
<ind_PK_UK id="DD741EF8-0E41-413E-A33A-C5E0C5618A83" name="PRODUTO_FORNECEDOR_PK">
<createdBy>erasus</createdBy>
<createdTime>2024-02-23 23:50:18 UTC</createdTime>
<ownerDesignName>ControleEstoque</ownerDesignName>
<pk>true</pk>
<indexState>Primary Constraint</indexState>
<isSurrogateKey>false</isSurrogateKey>
<indexColumnUsage>
<colUsage columnID="345513C6-55EB-215D-1D1E-CFA6FDD10CEC"/>
<colUsage columnID="06FC3FE8-DD17-05A4-B03D-21DAF20FA446"/>
</indexColumnUsage>
</ind_PK_UK>
<ind_PK_UK id="CB53CE58-E3FE-BC79-8F7E-AB2F2EB10D7B" name="PRODUTO_FORNECEDOR_PRODUTO_FK">
<createdBy>erasus</createdBy>
<createdTime>2024-02-23 23:52:30 UTC</createdTime>
<ownerDesignName>ControleEstoque</ownerDesignName>
<indexState>Foreign Key</indexState>
<isSurrogateKey>false</isSurrogateKey>
<indexColumnUsage>
<colUsage columnID="06FC3FE8-DD17-05A4-B03D-21DAF20FA446"/>
</indexColumnUsage>
</ind_PK_UK>
<ind_PK_UK id="54068D97-249A-1DBE-92E7-97437F12261A" name="PRODUTO_FORNECEDOR_FORNECEDOR_FK">
<createdBy>erasus</createdBy>
<createdTime>2024-02-23 23:53:02 UTC</createdTime>
<ownerDesignName>ControleEstoque</ownerDesignName>
<indexState>Foreign Key</indexState>
<isSurrogateKey>false</isSurrogateKey>
<indexColumnUsage>
<colUsage columnID="345513C6-55EB-215D-1D1E-CFA6FDD10CEC"/>
</indexColumnUsage>
</ind_PK_UK>
</indexes>
</Table>