<?xml version = '1.0' encoding = 'UTF-8'?>
<Table class="oracle.dbtools.crest.model.design.relational.Table" directorySegmentName="seg_0" id="64AFB997-7360-3BDE-2C90-BCE0FE55B6E5" name="PEDIDO">
<createdBy>erasus</createdBy>
<createdTime>2024-02-23 23:53:55 UTC</createdTime>
<ownerDesignName>ControleEstoque</ownerDesignName>
<ordsAlias>table_13</ordsAlias>
<allowColumnReorder>false</allowColumnReorder>
<existDependencyGenerateInDDl>true</existDependencyGenerateInDDl>
<parsed>true</parsed>
<columns itemClass="oracle.dbtools.crest.model.design.relational.Column">
<Column name="CD_PEDIDO" id="ACE73B25-11BB-D797-C1D1-B6B6A8F55D16">
<createdBy>erasus</createdBy>
<createdTime>2024-02-23 23:59:33 UTC</createdTime>
<ownerDesignName>ControleEstoque</ownerDesignName>
<useDomainConstraints>false</useDomainConstraints>
<use>1</use>
<logicalDatatype>LOGDT019</logicalDatatype>
<dataTypePrecision>9</dataTypePrecision>
<ownDataTypeParameters>,9,</ownDataTypeParameters>
<autoIncrementCycle>false</autoIncrementCycle>
</Column>
<Column name="CD_PESSOA" id="8D55369B-148E-2FF7-274A-052B8B0E683E">
<createdBy>erasus</createdBy>
<createdTime>2024-02-23 23:59:33 UTC</createdTime>
<ownerDesignName>ControleEstoque</ownerDesignName>
<useDomainConstraints>false</useDomainConstraints>
<use>1</use>
<logicalDatatype>LOGDT019</logicalDatatype>
<dataTypePrecision>7</dataTypePrecision>
<ownDataTypeParameters>,,</ownDataTypeParameters>
<autoIncrementCycle>false</autoIncrementCycle>
<associations>
<colAssociation fkAssociation="C15D97F6-BA65-7130-E9DB-953D67EFEC30" referredColumn="FF37A9E4-2F24-2961-6319-6C3ACC95BD88"/>
</associations>
</Column>
<Column name="TP_PEDIDO" id="A6FFB91E-2844-579E-E3E8-0D4E4FCBC6E8">
<createdBy>erasus</createdBy>
<createdTime>2024-02-24 00:49:54 UTC</createdTime>
<ownerDesignName>ControleEstoque</ownerDesignName>
<useDomainConstraints>false</useDomainConstraints>
<use>1</use>
<logicalDatatype>LOGDT025</logicalDatatype>
<dataTypeSize>1 CHAR</dataTypeSize>
<ownDataTypeParameters>1 CHAR,,</ownDataTypeParameters>
<autoIncrementCycle>false</autoIncrementCycle>
</Column>
<Column name="VL_PEDIDO" id="1CB43BF5-F320-5A6A-7CD8-BCBC75858EF7">
<createdBy>erasus</createdBy>
<createdTime>2024-02-24 00:01:36 UTC</createdTime>
<ownerDesignName>ControleEstoque</ownerDesignName>
<useDomainConstraints>false</useDomainConstraints>
<use>1</use>
<logicalDatatype>LOGDT019</logicalDatatype>
<dataTypePrecision>7</dataTypePrecision>
<ownDataTypeParameters>,7,</ownDataTypeParameters>
<autoIncrementCycle>false</autoIncrementCycle>
</Column>
<Column name="DT_PEDIDO" id="EB1B7D90-F8A6-6B26-D05B-A492ADDA2B67">
<createdBy>erasus</createdBy>
<createdTime>2024-02-24 00:02:24 UTC</createdTime>
<ownerDesignName>ControleEstoque</ownerDesignName>
<useDomainConstraints>false</useDomainConstraints>
<use>1</use>
<logicalDatatype>LOGDT007</logicalDatatype>
<ownDataTypeParameters>,,</ownDataTypeParameters>
<autoIncrementCycle>false</autoIncrementCycle>
</Column>
<Column name="DT_ENTREGA" id="6F6DBEEB-9959-5D76-56D2-2F85523753B2">
<createdBy>erasus</createdBy>
<createdTime>2024-02-23 23:59:33 UTC</createdTime>
<ownerDesignName>ControleEstoque</ownerDesignName>
<useDomainConstraints>false</useDomainConstraints>
<use>1</use>
<logicalDatatype>LOGDT007</logicalDatatype>
<ownDataTypeParameters>,,</ownDataTypeParameters>
<autoIncrementCycle>false</autoIncrementCycle>
</Column>
</columns>
<indexes itemClass="oracle.dbtools.crest.model.design.relational.Index">
<ind_PK_UK id="EA3AA0A4-7B8A-E21D-3D80-85BCB97F7F66" name="PEDIDO_PK">
<createdBy>erasus</createdBy>
<createdTime>2024-02-23 23:59:33 UTC</createdTime>
<ownerDesignName>ControleEstoque</ownerDesignName>
<pk>true</pk>
<indexState>Primary Constraint</indexState>
<isSurrogateKey>false</isSurrogateKey>
<indexColumnUsage>
<colUsage columnID="ACE73B25-11BB-D797-C1D1-B6B6A8F55D16"/>
</indexColumnUsage>
</ind_PK_UK>
<ind_PK_UK id="260DBB38-3C93-500C-79C7-DBB19D7CED7B" name="PEDIDO_PESSOA_FK">
<createdBy>erasus</createdBy>
<createdTime>2024-02-24 00:47:25 UTC</createdTime>
<ownerDesignName>ControleEstoque</ownerDesignName>
<indexState>Foreign Key</indexState>
<isSurrogateKey>false</isSurrogateKey>
<indexColumnUsage>
<colUsage columnID="8D55369B-148E-2FF7-274A-052B8B0E683E"/>
</indexColumnUsage>
</ind_PK_UK>
</indexes>
</Table>