<?xml version = '1.0' encoding = 'UTF-8'?>
<Table class="oracle.dbtools.crest.model.design.relational.Table" directorySegmentName="seg_0" id="9BFF8ED9-AD60-EFEA-9810-7B9B1E9B5218" name="PRODUTO">
<createdBy>erasus</createdBy>
<createdTime>2024-02-23 23:43:14 UTC</createdTime>
<ownerDesignName>ControleEstoque</ownerDesignName>
<ordsAlias>table_10</ordsAlias>
<allowColumnReorder>false</allowColumnReorder>
<existDependencyGenerateInDDl>true</existDependencyGenerateInDDl>
<parsed>true</parsed>
<columns itemClass="oracle.dbtools.crest.model.design.relational.Column">
<Column name="CD_PRODUTO" id="26BD1214-F283-8788-635A-C9C4751FE843">
<createdBy>erasus</createdBy>
<createdTime>2024-02-23 23:48:05 UTC</createdTime>
<ownerDesignName>ControleEstoque</ownerDesignName>
<useDomainConstraints>false</useDomainConstraints>
<use>1</use>
<logicalDatatype>LOGDT018</logicalDatatype>
<ownDataTypeParameters>,,</ownDataTypeParameters>
<autoIncrementCycle>false</autoIncrementCycle>
</Column>
<Column name="NM_PRODUTO" id="AF1B63A2-95CF-24B0-3585-FA3A53E49C52">
<createdBy>erasus</createdBy>
<createdTime>2024-02-23 23:48:05 UTC</createdTime>
<ownerDesignName>ControleEstoque</ownerDesignName>
<useDomainConstraints>false</useDomainConstraints>
<use>1</use>
<logicalDatatype>LOGDT024</logicalDatatype>
<dataTypeSize>50 CHAR</dataTypeSize>
<ownDataTypeParameters>50 CHAR,,</ownDataTypeParameters>
<autoIncrementCycle>false</autoIncrementCycle>
</Column>
<Column name="DS_PRODUTO" id="EE241984-2DA4-7C81-0F54-B9F31421C6F0">
<createdBy>erasus</createdBy>
<createdTime>2024-02-23 23:48:05 UTC</createdTime>
<ownerDesignName>ControleEstoque</ownerDesignName>
<nullsAllowed>true</nullsAllowed>
<useDomainConstraints>false</useDomainConstraints>
<use>1</use>
<logicalDatatype>LOGDT024</logicalDatatype>
<dataTypeSize>500 CHAR</dataTypeSize>
<ownDataTypeParameters>500 CHAR,,</ownDataTypeParameters>
<autoIncrementCycle>false</autoIncrementCycle>
</Column>
<Column name="TP_EMBALAGEMPRODUTO" id="93909F22-1882-15D8-BE0D-6257C3C14524">
<createdBy>erasus</createdBy>
<createdTime>2024-02-23 23:48:05 UTC</createdTime>
<ownerDesignName>ControleEstoque</ownerDesignName>
<useDomainConstraints>false</useDomainConstraints>
<use>1</use>
<logicalDatatype>LOGDT025</logicalDatatype>
<dataTypeSize>1 CHAR</dataTypeSize>
<ownDataTypeParameters>1 CHAR,,</ownDataTypeParameters>
<autoIncrementCycle>false</autoIncrementCycle>
</Column>
<Column name="VL_VENDA" id="37EADA21-F26D-2936-34EB-A346AA223485">
<createdBy>erasus</createdBy>
<createdTime>2024-02-23 23:48:05 UTC</createdTime>
<ownerDesignName>ControleEstoque</ownerDesignName>
<useDomainConstraints>false</useDomainConstraints>
<use>1</use>
<logicalDatatype>LOGDT019</logicalDatatype>
<dataTypePrecision>7</dataTypePrecision>
<dataTypeScale>2</dataTypeScale>
<ownDataTypeParameters>,7,2</ownDataTypeParameters>
<autoIncrementCycle>false</autoIncrementCycle>
</Column>
</columns>
<indexes itemClass="oracle.dbtools.crest.model.design.relational.Index">
<ind_PK_UK id="7440A5C7-7294-6424-2CA9-494F66096D77" name="PRODUTO_PK">
<createdBy>erasus</createdBy>
<createdTime>2024-02-23 23:48:05 UTC</createdTime>
<ownerDesignName>ControleEstoque</ownerDesignName>
<pk>true</pk>
<indexState>Primary Constraint</indexState>
<isSurrogateKey>false</isSurrogateKey>
<indexColumnUsage>
<colUsage columnID="26BD1214-F283-8788-635A-C9C4751FE843"/>
</indexColumnUsage>
</ind_PK_UK>
</indexes>
</Table>