<?xml version = '1.0' encoding = 'UTF-8'?>
<Table class="oracle.dbtools.crest.model.design.relational.Table" directorySegmentName="seg_0" id="AC0F4D98-F565-144C-7A0B-E72D9A2D38CF" name="ENDERECO">
<createdBy>erasus</createdBy>
<createdTime>2024-02-23 23:13:00 UTC</createdTime>
<ownerDesignName>ControleEstoque</ownerDesignName>
<ordsAlias>table_2</ordsAlias>
<allowColumnReorder>false</allowColumnReorder>
<existDependencyGenerateInDDl>true</existDependencyGenerateInDDl>
<parsed>true</parsed>
<columns itemClass="oracle.dbtools.crest.model.design.relational.Column">
<Column name="CD_ENDERECO" id="7554EE51-C53B-305E-9826-C135188E9EBF">
<createdBy>erasus</createdBy>
<createdTime>2024-02-23 23:15:30 UTC</createdTime>
<ownerDesignName>ControleEstoque</ownerDesignName>
<useDomainConstraints>false</useDomainConstraints>
<use>1</use>
<logicalDatatype>LOGDT019</logicalDatatype>
<dataTypePrecision>7</dataTypePrecision>
<ownDataTypeParameters>,7,</ownDataTypeParameters>
<autoIncrementCycle>false</autoIncrementCycle>
</Column>
<Column name="NR_CEP" id="76079F04-E5DB-66C6-D988-93C6525AB833">
<createdBy>erasus</createdBy>
<createdTime>2024-02-23 23:15:30 UTC</createdTime>
<ownerDesignName>ControleEstoque</ownerDesignName>
<useDomainConstraints>false</useDomainConstraints>
<use>1</use>
<logicalDatatype>LOGDT025</logicalDatatype>
<dataTypeSize>8 CHAR</dataTypeSize>
<ownDataTypeParameters>8 CHAR,,</ownDataTypeParameters>
<autoIncrementCycle>false</autoIncrementCycle>
</Column>
<Column name="NM_LOGRADOURO" id="C7D72648-B4B2-20ED-5C94-0062B84C58A4">
<createdBy>erasus</createdBy>
<createdTime>2024-02-23 23:15:30 UTC</createdTime>
<ownerDesignName>ControleEstoque</ownerDesignName>
<useDomainConstraints>false</useDomainConstraints>
<use>1</use>
<logicalDatatype>LOGDT024</logicalDatatype>
<dataTypeSize>100 CHAR</dataTypeSize>
<ownDataTypeParameters>100 CHAR,,</ownDataTypeParameters>
<autoIncrementCycle>false</autoIncrementCycle>
</Column>
<Column name="NR_LOGRADOURO" id="4E5B7826-C2DD-A024-7D9A-55B81A2FF27E">
<createdBy>erasus</createdBy>
<createdTime>2024-02-23 23:15:30 UTC</createdTime>
<ownerDesignName>ControleEstoque</ownerDesignName>
<useDomainConstraints>false</useDomainConstraints>
<use>1</use>
<logicalDatatype>LOGDT024</logicalDatatype>
<dataTypeSize>5 CHAR</dataTypeSize>
<ownDataTypeParameters>5 CHAR,,</ownDataTypeParameters>
<autoIncrementCycle>false</autoIncrementCycle>
</Column>
<Column name="NM_BAIRRO" id="7441EB27-6D74-0A08-DF41-B858BDAB8085">
<createdBy>erasus</createdBy>
<createdTime>2024-02-23 23:15:30 UTC</createdTime>
<ownerDesignName>ControleEstoque</ownerDesignName>
<useDomainConstraints>false</useDomainConstraints>
<use>1</use>
<logicalDatatype>LOGDT024</logicalDatatype>
<dataTypeSize>50 CHAR</dataTypeSize>
<ownDataTypeParameters>50 CHAR,,</ownDataTypeParameters>
<autoIncrementCycle>false</autoIncrementCycle>
</Column>
<Column name="CD_MUNICIPIO" id="350D4DEA-2319-FE35-078C-0E7F4559DA97">
<createdBy>erasus</createdBy>
<createdTime>2024-02-23 23:15:30 UTC</createdTime>
<ownerDesignName>ControleEstoque</ownerDesignName>
<useDomainConstraints>false</useDomainConstraints>
<use>1</use>
<logicalDatatype>LOGDT018</logicalDatatype>
<ownDataTypeParameters>,,</ownDataTypeParameters>
<autoIncrementCycle>false</autoIncrementCycle>
<associations>
<colAssociation fkAssociation="5F69598C-59D0-E976-27BD-36853B162CBF" referredColumn="878AC47C-1B2D-6917-18BB-39F106C3F225"/>
</associations>
</Column>
</columns>
<indexes itemClass="oracle.dbtools.crest.model.design.relational.Index">
<ind_PK_UK id="C2E1072B-FB92-8A7B-56B6-8B26BC907BBD" name="ENDERECO_PK">
<createdBy>erasus</createdBy>
<createdTime>2024-02-23 23:25:17 UTC</createdTime>
<ownerDesignName>ControleEstoque</ownerDesignName>
<pk>true</pk>
<indexState>Primary Constraint</indexState>
<isSurrogateKey>false</isSurrogateKey>
<indexColumnUsage>
<colUsage columnID="7554EE51-C53B-305E-9826-C135188E9EBF"/>
</indexColumnUsage>
</ind_PK_UK>
<ind_PK_UK id="7D60066B-113A-E633-7CD2-98B385340FB9" name="ENDERECO_CEP_UN">
<createdBy>erasus</createdBy>
<createdTime>2024-02-23 23:25:17 UTC</createdTime>
<ownerDesignName>ControleEstoque</ownerDesignName>
<indexState>Unique Constraint</indexState>
<isSurrogateKey>false</isSurrogateKey>
<indexColumnUsage>
<colUsage columnID="76079F04-E5DB-66C6-D988-93C6525AB833"/>
</indexColumnUsage>
</ind_PK_UK>
<ind_PK_UK id="15E767DC-6C67-CEC7-6DE4-A64FCCC6ED9A" name="ENDERECO_CEP_IDX">
<createdBy>erasus</createdBy>
<createdTime>2024-02-23 23:25:17 UTC</createdTime>
<ownerDesignName>ControleEstoque</ownerDesignName>
<indexState>Unique Plain Index</indexState>
<isSurrogateKey>false</isSurrogateKey>
<indexColumnUsage>
<colUsage columnID="76079F04-E5DB-66C6-D988-93C6525AB833"/>
</indexColumnUsage>
</ind_PK_UK>
<ind_PK_UK id="99514536-BCC7-4E15-71F1-02D93D5B830B" name="ENDERECO_MUNICIPIO_FK">
<createdBy>erasus</createdBy>
<createdTime>2024-02-23 23:19:41 UTC</createdTime>
<ownerDesignName>ControleEstoque</ownerDesignName>
<indexState>Foreign Key</indexState>
<isSurrogateKey>false</isSurrogateKey>
<indexColumnUsage>
<colUsage columnID="350D4DEA-2319-FE35-078C-0E7F4559DA97"/>
</indexColumnUsage>
</ind_PK_UK>
</indexes>
</Table>