<?xml version = '1.0' encoding = 'UTF-8'?>
<Table class="oracle.dbtools.crest.model.design.relational.Table" directorySegmentName="seg_0" id="B16E23AC-CB30-34FA-1671-21A01CEE5575" name="MUNICIPIO">
<createdBy>erasus</createdBy>
<createdTime>2024-02-23 23:16:16 UTC</createdTime>
<ownerDesignName>ControleEstoque</ownerDesignName>
<ordsAlias>table_4</ordsAlias>
<allowColumnReorder>false</allowColumnReorder>
<existDependencyGenerateInDDl>true</existDependencyGenerateInDDl>
<parsed>true</parsed>
<columns itemClass="oracle.dbtools.crest.model.design.relational.Column">
<Column name="CD_MUNICIPIO" id="878AC47C-1B2D-6917-18BB-39F106C3F225">
<createdBy>erasus</createdBy>
<createdTime>2024-02-23 23:18:47 UTC</createdTime>
<ownerDesignName>ControleEstoque</ownerDesignName>
<useDomainConstraints>false</useDomainConstraints>
<use>1</use>
<logicalDatatype>LOGDT018</logicalDatatype>
<ownDataTypeParameters>,,</ownDataTypeParameters>
<autoIncrementCycle>false</autoIncrementCycle>
</Column>
<Column name="NM_MUNICIPIO" id="B274B6C4-901D-2337-6394-091A8E389F19">
<createdBy>erasus</createdBy>
<createdTime>2024-02-23 23:18:47 UTC</createdTime>
<ownerDesignName>ControleEstoque</ownerDesignName>
<useDomainConstraints>false</useDomainConstraints>
<use>1</use>
<logicalDatatype>LOGDT024</logicalDatatype>
<dataTypeSize>50 CHAR</dataTypeSize>
<ownDataTypeParameters>50 CHAR,,</ownDataTypeParameters>
<autoIncrementCycle>false</autoIncrementCycle>
</Column>
<Column name="NM_ESTADO" id="AA1220DA-0A8A-5371-33FB-B5EE60497F96">
<createdBy>erasus</createdBy>
<createdTime>2024-02-23 23:18:47 UTC</createdTime>
<ownerDesignName>ControleEstoque</ownerDesignName>
<useDomainConstraints>false</useDomainConstraints>
<use>1</use>
<logicalDatatype>LOGDT024</logicalDatatype>
<dataTypeSize>25 CHAR</dataTypeSize>
<ownDataTypeParameters>25 CHAR,,</ownDataTypeParameters>
<autoIncrementCycle>false</autoIncrementCycle>
</Column>
<Column name="NM_PAIS" id="8AF015EF-B9E1-E21F-923A-496083C09ADF">
<createdBy>erasus</createdBy>
<createdTime>2024-02-23 23:21:26 UTC</createdTime>
<ownerDesignName>ControleEstoque</ownerDesignName>
<useDomainConstraints>false</useDomainConstraints>
<use>1</use>
<logicalDatatype>LOGDT024</logicalDatatype>
<dataTypeSize>50 CHAR</dataTypeSize>
<ownDataTypeParameters>50 CHAR,,</ownDataTypeParameters>
<autoIncrementCycle>false</autoIncrementCycle>
</Column>
</columns>
<indexes itemClass="oracle.dbtools.crest.model.design.relational.Index">
<ind_PK_UK id="BEDCD79D-B046-C99B-218B-96456345DB6C" name="CIDADE_PK">
<createdBy>erasus</createdBy>
<createdTime>2024-02-23 23:18:47 UTC</createdTime>
<ownerDesignName>ControleEstoque</ownerDesignName>
<pk>true</pk>
<indexState>Primary Constraint</indexState>
<isSurrogateKey>false</isSurrogateKey>
<indexColumnUsage>
<colUsage columnID="878AC47C-1B2D-6917-18BB-39F106C3F225"/>
</indexColumnUsage>
</ind_PK_UK>
</indexes>
</Table>