<?xml version = '1.0' encoding = 'UTF-8'?>
<Table class="oracle.dbtools.crest.model.design.relational.Table" directorySegmentName="seg_0" id="C24E65AE-D02C-057B-A43E-5A11BE58A699" name="PEDIDO_PRODUTO">
<createdBy>erasus</createdBy>
<createdTime>2024-02-23 23:59:39 UTC</createdTime>
<ownerDesignName>ControleEstoque</ownerDesignName>
<ordsAlias>table_14</ordsAlias>
<allowColumnReorder>false</allowColumnReorder>
<existDependencyGenerateInDDl>true</existDependencyGenerateInDDl>
<parsed>true</parsed>
<columns itemClass="oracle.dbtools.crest.model.design.relational.Column">
<Column name="CD_PEDIDO" id="4355A08D-7815-0F7A-61F4-FE2ED6F3D3A6">
<createdBy>erasus</createdBy>
<createdTime>2024-02-24 00:01:07 UTC</createdTime>
<ownerDesignName>ControleEstoque</ownerDesignName>
<useDomainConstraints>false</useDomainConstraints>
<use>1</use>
<logicalDatatype>LOGDT019</logicalDatatype>
<dataTypePrecision>9</dataTypePrecision>
<ownDataTypeParameters>,,</ownDataTypeParameters>
<autoIncrementCycle>false</autoIncrementCycle>
<associations>
<colAssociation fkAssociation="B88A99FF-1DA7-AC8B-6F1D-6D8149638F5E" referredColumn="ACE73B25-11BB-D797-C1D1-B6B6A8F55D16"/>
</associations>
</Column>
<Column name="CD_PRODUTO" id="77778286-CC14-7A7B-5D63-0687D5305775">
<createdBy>erasus</createdBy>
<createdTime>2024-02-24 00:01:07 UTC</createdTime>
<ownerDesignName>ControleEstoque</ownerDesignName>
<useDomainConstraints>false</useDomainConstraints>
<use>1</use>
<logicalDatatype>LOGDT018</logicalDatatype>
<ownDataTypeParameters>,,</ownDataTypeParameters>
<autoIncrementCycle>false</autoIncrementCycle>
<associations>
<colAssociation fkAssociation="1E69C674-2748-FBFA-0718-B2D4EE212859" referredColumn="26BD1214-F283-8788-635A-C9C4751FE843"/>
</associations>
</Column>
<Column name="QT_PRODUTO" id="0DF7953C-64FD-B44F-F413-E3E74CE54EC3">
<createdBy>erasus</createdBy>
<createdTime>2024-02-24 00:01:07 UTC</createdTime>
<ownerDesignName>ControleEstoque</ownerDesignName>
<useDomainConstraints>false</useDomainConstraints>
<use>1</use>
<logicalDatatype>LOGDT019</logicalDatatype>
<dataTypePrecision>7</dataTypePrecision>
<dataTypeScale>2</dataTypeScale>
<ownDataTypeParameters>,7,2</ownDataTypeParameters>
<autoIncrementCycle>false</autoIncrementCycle>
</Column>
</columns>
<indexes itemClass="oracle.dbtools.crest.model.design.relational.Index">
<ind_PK_UK id="A25E20D6-8E8C-81BD-C143-C134178A6807" name="PEDIDO_PRODUTO_PK">
<createdBy>erasus</createdBy>
<createdTime>2024-02-24 00:01:07 UTC</createdTime>
<ownerDesignName>ControleEstoque</ownerDesignName>
<pk>true</pk>
<indexState>Primary Constraint</indexState>
<isSurrogateKey>false</isSurrogateKey>
<indexColumnUsage>
<colUsage columnID="4355A08D-7815-0F7A-61F4-FE2ED6F3D3A6"/>
<colUsage columnID="77778286-CC14-7A7B-5D63-0687D5305775"/>
</indexColumnUsage>
</ind_PK_UK>
<ind_PK_UK id="F99B82DD-B50E-29FF-AE7A-9A05F70D3EEC" name="PEDIDO_PRODUTO_PEDIDO_FK">
<createdBy>erasus</createdBy>
<createdTime>2024-02-24 00:02:31 UTC</createdTime>
<ownerDesignName>ControleEstoque</ownerDesignName>
<indexState>Foreign Key</indexState>
<isSurrogateKey>false</isSurrogateKey>
<indexColumnUsage>
<colUsage columnID="4355A08D-7815-0F7A-61F4-FE2ED6F3D3A6"/>
</indexColumnUsage>
</ind_PK_UK>
<ind_PK_UK id="99A7C419-4705-3D98-C59A-492A31D8CB1C" name="PEDIDO_PRODUTO_PRODUTO_FK">
<createdBy>erasus</createdBy>
<createdTime>2024-02-24 00:03:46 UTC</createdTime>
<ownerDesignName>ControleEstoque</ownerDesignName>
<indexState>Foreign Key</indexState>
<isSurrogateKey>false</isSurrogateKey>
<indexColumnUsage>
<colUsage columnID="77778286-CC14-7A7B-5D63-0687D5305775"/>
</indexColumnUsage>
</ind_PK_UK>
</indexes>
</Table>