<?xml version = '1.0' encoding = 'UTF-8'?>
<Table class="oracle.dbtools.crest.model.design.relational.Table" directorySegmentName="seg_0" id="C99082CC-885A-04C2-37BB-4140D154F688" name="PESSOA">
<createdBy>erasus</createdBy>
<createdTime>2024-02-23 23:05:03 UTC</createdTime>
<ownerDesignName>ControleEstoque</ownerDesignName>
<ordsAlias>table_1</ordsAlias>
<allowColumnReorder>false</allowColumnReorder>
<existDependencyGenerateInDDl>true</existDependencyGenerateInDDl>
<parsed>true</parsed>
<columns itemClass="oracle.dbtools.crest.model.design.relational.Column">
<Column name="CD_PESSOA" id="FF37A9E4-2F24-2961-6319-6C3ACC95BD88">
<createdBy>erasus</createdBy>
<createdTime>2024-02-23 23:12:55 UTC</createdTime>
<ownerDesignName>ControleEstoque</ownerDesignName>
<useDomainConstraints>false</useDomainConstraints>
<use>1</use>
<logicalDatatype>LOGDT019</logicalDatatype>
<dataTypePrecision>7</dataTypePrecision>
<ownDataTypeParameters>,7,</ownDataTypeParameters>
<autoIncrementCycle>false</autoIncrementCycle>
</Column>
<Column name="NM_PESSOA" id="24620B29-DADD-3775-0881-27920B58F4CC">
<createdBy>erasus</createdBy>
<createdTime>2024-02-23 23:12:55 UTC</createdTime>
<ownerDesignName>ControleEstoque</ownerDesignName>
<useDomainConstraints>false</useDomainConstraints>
<use>1</use>
<logicalDatatype>LOGDT024</logicalDatatype>
<dataTypeSize>50 CHAR</dataTypeSize>
<ownDataTypeParameters>50 CHAR,,</ownDataTypeParameters>
<autoIncrementCycle>false</autoIncrementCycle>
</Column>
<Column name="NR_TELEFONE" id="FB73785B-0214-0DDF-F1F4-95B031E6F4DE">
<createdBy>erasus</createdBy>
<createdTime>2024-02-23 23:12:55 UTC</createdTime>
<ownerDesignName>ControleEstoque</ownerDesignName>
<useDomainConstraints>false</useDomainConstraints>
<use>1</use>
<logicalDatatype>LOGDT024</logicalDatatype>
<dataTypeSize>15 CHAR</dataTypeSize>
<ownDataTypeParameters>15 CHAR,,</ownDataTypeParameters>
<autoIncrementCycle>false</autoIncrementCycle>
</Column>
<Column name="NM_EMAIL" id="E8C5102D-B235-AC6E-8BA9-983D54B41F25">
<createdBy>erasus</createdBy>
<createdTime>2024-02-23 23:12:55 UTC</createdTime>
<ownerDesignName>ControleEstoque</ownerDesignName>
<useDomainConstraints>false</useDomainConstraints>
<use>1</use>
<logicalDatatype>LOGDT024</logicalDatatype>
<dataTypeSize>50 CHAR</dataTypeSize>
<ownDataTypeParameters>50 CHAR,,</ownDataTypeParameters>
<autoIncrementCycle>false</autoIncrementCycle>
</Column>
<Column name="CD_ENDERECO" id="026938A5-0B80-3FC2-4452-4ACE1D8E6BFB">
<createdBy>erasus</createdBy>
<createdTime>2024-02-23 23:12:55 UTC</createdTime>
<ownerDesignName>ControleEstoque</ownerDesignName>
<useDomainConstraints>false</useDomainConstraints>
<use>1</use>
<logicalDatatype>LOGDT019</logicalDatatype>
<dataTypePrecision>7</dataTypePrecision>
<ownDataTypeParameters>,7,</ownDataTypeParameters>
<autoIncrementCycle>false</autoIncrementCycle>
<associations>
<colAssociation fkAssociation="D3BB5BF3-C4F5-F847-278B-2BAB8278D8B2" referredColumn="7554EE51-C53B-305E-9826-C135188E9EBF"/>
</associations>
</Column>
</columns>
<indexes itemClass="oracle.dbtools.crest.model.design.relational.Index">
<ind_PK_UK id="C9718D13-659B-F92F-A8CC-3765A146171D" name="Pessoa_PK">
<createdBy>erasus</createdBy>
<createdTime>2024-02-23 23:12:55 UTC</createdTime>
<ownerDesignName>ControleEstoque</ownerDesignName>
<pk>true</pk>
<indexState>Primary Constraint</indexState>
<isSurrogateKey>false</isSurrogateKey>
<indexColumnUsage>
<colUsage columnID="FF37A9E4-2F24-2961-6319-6C3ACC95BD88"/>
</indexColumnUsage>
</ind_PK_UK>
<ind_PK_UK id="CC8B193F-8383-EB6D-A395-AA44855CCFA2" name="PESSOA_ENDERECO_FK">
<createdBy>erasus</createdBy>
<createdTime>2024-02-23 23:28:20 UTC</createdTime>
<ownerDesignName>ControleEstoque</ownerDesignName>
<indexState>Foreign Key</indexState>
<isSurrogateKey>false</isSurrogateKey>
<indexColumnUsage>
<colUsage columnID="026938A5-0B80-3FC2-4452-4ACE1D8E6BFB"/>
</indexColumnUsage>
</ind_PK_UK>
</indexes>
</Table>