<?xml version = '1.0' encoding = 'UTF-8'?>
<Table class="oracle.dbtools.crest.model.design.relational.Table" directorySegmentName="seg_0" id="CCF4DB22-66F5-572C-A9F5-E5DD1B2F83E3" name="TRANSACAO">
<createdBy>erasus</createdBy>
<createdTime>2024-02-24 00:17:50 UTC</createdTime>
<ownerDesignName>ControleEstoque</ownerDesignName>
<ordsAlias>table_15</ordsAlias>
<allowColumnReorder>false</allowColumnReorder>
<existDependencyGenerateInDDl>true</existDependencyGenerateInDDl>
<parsed>true</parsed>
<columns itemClass="oracle.dbtools.crest.model.design.relational.Column">
<Column name="CD_TRANSACAO" id="69991FB0-F605-9301-C24B-62A02152A8B6">
<createdBy>erasus</createdBy>
<createdTime>2024-02-24 00:21:50 UTC</createdTime>
<ownerDesignName>ControleEstoque</ownerDesignName>
<useDomainConstraints>false</useDomainConstraints>
<use>1</use>
<logicalDatatype>LOGDT019</logicalDatatype>
<dataTypePrecision>9</dataTypePrecision>
<ownDataTypeParameters>,9,</ownDataTypeParameters>
<autoIncrementCycle>false</autoIncrementCycle>
</Column>
<Column name="CD_PEDIDO" id="F111755D-814C-D61D-22A2-875F80B95763">
<createdBy>erasus</createdBy>
<createdTime>2024-02-24 00:21:50 UTC</createdTime>
<ownerDesignName>ControleEstoque</ownerDesignName>
<useDomainConstraints>false</useDomainConstraints>
<use>1</use>
<logicalDatatype>LOGDT019</logicalDatatype>
<dataTypePrecision>9</dataTypePrecision>
<ownDataTypeParameters>,,</ownDataTypeParameters>
<autoIncrementCycle>false</autoIncrementCycle>
<associations>
<colAssociation fkAssociation="5BB09CB7-3887-E216-7B2F-86EF291D576B" referredColumn="4355A08D-7815-0F7A-61F4-FE2ED6F3D3A6"/>
</associations>
</Column>
<Column name="CD_PRODUTO" id="D4FD62C1-615F-648C-CD3B-18EE2D3B1023">
<createdBy>erasus</createdBy>
<createdTime>2024-02-24 00:21:50 UTC</createdTime>
<ownerDesignName>ControleEstoque</ownerDesignName>
<useDomainConstraints>false</useDomainConstraints>
<use>1</use>
<logicalDatatype>LOGDT018</logicalDatatype>
<ownDataTypeParameters>,,</ownDataTypeParameters>
<autoIncrementCycle>false</autoIncrementCycle>
<associations>
<colAssociation fkAssociation="5BB09CB7-3887-E216-7B2F-86EF291D576B" referredColumn="77778286-CC14-7A7B-5D63-0687D5305775"/>
<colAssociation fkAssociation="CDEBB3B6-C7EC-E7D4-57EC-77B437C94947" referredColumn="63BC8765-5A2A-4E0C-CE52-9F1C32CEC0E4"/>
</associations>
</Column>
<Column name="CD_ESTOQUE" id="BD48F820-83B9-35AE-D2C5-519738F22C1A">
<createdBy>erasus</createdBy>
<createdTime>2024-02-24 00:45:52 UTC</createdTime>
<ownerDesignName>ControleEstoque</ownerDesignName>
<useDomainConstraints>false</useDomainConstraints>
<use>1</use>
<logicalDatatype>LOGDT018</logicalDatatype>
<ownDataTypeParameters>,,</ownDataTypeParameters>
<autoIncrementCycle>false</autoIncrementCycle>
<associations>
<colAssociation fkAssociation="CDEBB3B6-C7EC-E7D4-57EC-77B437C94947" referredColumn="EC8E2192-699E-81C6-8B3D-84F361603C6C"/>
</associations>
</Column>
<Column name="TP_TRANSACAO" id="36426B2E-4A96-53B7-2CBB-1235BC2BCBD7">
<createdBy>erasus</createdBy>
<createdTime>2024-02-24 00:21:50 UTC</createdTime>
<ownerDesignName>ControleEstoque</ownerDesignName>
<useDomainConstraints>false</useDomainConstraints>
<use>1</use>
<logicalDatatype>LOGDT025</logicalDatatype>
<dataTypeSize>1 CHAR</dataTypeSize>
<ownDataTypeParameters>1 CHAR,,</ownDataTypeParameters>
<autoIncrementCycle>false</autoIncrementCycle>
</Column>
<Column name="QT_PRODUTO" id="50B8A752-1B76-C10E-DAC7-81BD40C0FB6F">
<createdBy>erasus</createdBy>
<createdTime>2024-02-24 00:21:50 UTC</createdTime>
<ownerDesignName>ControleEstoque</ownerDesignName>
<useDomainConstraints>false</useDomainConstraints>
<use>1</use>
<logicalDatatype>LOGDT019</logicalDatatype>
<dataTypePrecision>7</dataTypePrecision>
<ownDataTypeParameters>,7,</ownDataTypeParameters>
<autoIncrementCycle>false</autoIncrementCycle>
</Column>
<Column name="DT_TRANSACAO" id="A2BDE164-9D35-54A8-F0BA-C022C7586602">
<createdBy>erasus</createdBy>
<createdTime>2024-02-24 00:21:50 UTC</createdTime>
<ownerDesignName>ControleEstoque</ownerDesignName>
<useDomainConstraints>false</useDomainConstraints>
<use>1</use>
<logicalDatatype>LOGDT008</logicalDatatype>
<ownDataTypeParameters>,,</ownDataTypeParameters>
<autoIncrementCycle>false</autoIncrementCycle>
</Column>
</columns>
<indexes itemClass="oracle.dbtools.crest.model.design.relational.Index">
<ind_PK_UK id="1E07A617-376F-8068-9BA5-D1023D80D2EB" name="TRANSACAO_PK">
<createdBy>erasus</createdBy>
<createdTime>2024-02-24 00:21:50 UTC</createdTime>
<ownerDesignName>ControleEstoque</ownerDesignName>
<pk>true</pk>
<indexState>Primary Constraint</indexState>
<isSurrogateKey>false</isSurrogateKey>
<indexColumnUsage>
<colUsage columnID="69991FB0-F605-9301-C24B-62A02152A8B6"/>
</indexColumnUsage>
</ind_PK_UK>
<ind_PK_UK id="AE99A77F-20B9-6807-F432-B01F681A2279" name="TRANSACAO_PEDIDO_PRODUTO_FK">
<createdBy>erasus</createdBy>
<createdTime>2024-02-24 00:22:02 UTC</createdTime>
<ownerDesignName>ControleEstoque</ownerDesignName>
<indexState>Foreign Key</indexState>
<isSurrogateKey>false</isSurrogateKey>
<indexColumnUsage>
<colUsage columnID="F111755D-814C-D61D-22A2-875F80B95763"/>
<colUsage columnID="D4FD62C1-615F-648C-CD3B-18EE2D3B1023"/>
</indexColumnUsage>
</ind_PK_UK>
<ind_PK_UK id="FD5A8C32-3938-D25F-C21A-A0F926D52B78" name="TRANSACAO_PRODUTO_ESTOQUE_FK">
<createdBy>erasus</createdBy>
<createdTime>2024-02-24 00:45:55 UTC</createdTime>
<ownerDesignName>ControleEstoque</ownerDesignName>
<indexState>Foreign Key</indexState>
<isSurrogateKey>false</isSurrogateKey>
<indexColumnUsage>
<colUsage columnID="D4FD62C1-615F-648C-CD3B-18EE2D3B1023"/>
<colUsage columnID="BD48F820-83B9-35AE-D2C5-519738F22C1A"/>
</indexColumnUsage>
</ind_PK_UK>
</indexes>
</Table>