<?xml version = '1.0' encoding = 'UTF-8'?>
<Table class="oracle.dbtools.crest.model.design.relational.Table" directorySegmentName="seg_0" id="D6AFA919-3F04-7A88-460F-3A29CB454023" name="ESTOQUE">
<createdBy>erasus</createdBy>
<createdTime>2024-02-24 00:23:05 UTC</createdTime>
<ownerDesignName>ControleEstoque</ownerDesignName>
<ordsAlias>table_19</ordsAlias>
<allowColumnReorder>false</allowColumnReorder>
<existDependencyGenerateInDDl>true</existDependencyGenerateInDDl>
<parsed>true</parsed>
<columns itemClass="oracle.dbtools.crest.model.design.relational.Column">
<Column name="CD_ESTOQUE" id="414C9E12-6FE5-5817-1B4A-5CF77E81575B">
<createdBy>erasus</createdBy>
<createdTime>2024-02-24 00:27:03 UTC</createdTime>
<ownerDesignName>ControleEstoque</ownerDesignName>
<useDomainConstraints>false</useDomainConstraints>
<use>1</use>
<logicalDatatype>LOGDT018</logicalDatatype>
<ownDataTypeParameters>,,</ownDataTypeParameters>
<autoIncrementCycle>false</autoIncrementCycle>
</Column>
<Column name="NR_RUA" id="36400FCC-36C0-735D-AD4C-2BC6B229785B">
<createdBy>erasus</createdBy>
<createdTime>2024-02-24 00:27:03 UTC</createdTime>
<ownerDesignName>ControleEstoque</ownerDesignName>
<useDomainConstraints>false</useDomainConstraints>
<use>1</use>
<logicalDatatype>LOGDT018</logicalDatatype>
<ownDataTypeParameters>,,</ownDataTypeParameters>
<autoIncrementCycle>false</autoIncrementCycle>
</Column>
<Column name="NR_PRATELEIRA" id="57EF10D2-FD12-EB16-D075-6BFB44725ACF">
<createdBy>erasus</createdBy>
<createdTime>2024-02-24 00:27:03 UTC</createdTime>
<ownerDesignName>ControleEstoque</ownerDesignName>
<useDomainConstraints>false</useDomainConstraints>
<use>1</use>
<logicalDatatype>LOGDT018</logicalDatatype>
<ownDataTypeParameters>,,</ownDataTypeParameters>
<autoIncrementCycle>false</autoIncrementCycle>
</Column>
<Column name="NR_SEQUENCIA" id="8F005FEC-B6F6-A730-0DE3-1E86CED40EA9">
<createdBy>erasus</createdBy>
<createdTime>2024-02-24 00:27:03 UTC</createdTime>
<ownerDesignName>ControleEstoque</ownerDesignName>
<useDomainConstraints>false</useDomainConstraints>
<use>1</use>
<logicalDatatype>LOGDT025</logicalDatatype>
<dataTypeSize>1 CHAR</dataTypeSize>
<ownDataTypeParameters>1 CHAR,,</ownDataTypeParameters>
<autoIncrementCycle>false</autoIncrementCycle>
</Column>
</columns>
<indexes itemClass="oracle.dbtools.crest.model.design.relational.Index">
<ind_PK_UK id="D2922BFB-4446-499C-7418-162E493F43E7" name="ESTOQUE_PK">
<createdBy>erasus</createdBy>
<createdTime>2024-02-24 00:27:03 UTC</createdTime>
<ownerDesignName>ControleEstoque</ownerDesignName>
<pk>true</pk>
<indexState>Primary Constraint</indexState>
<isSurrogateKey>false</isSurrogateKey>
<indexColumnUsage>
<colUsage columnID="414C9E12-6FE5-5817-1B4A-5CF77E81575B"/>
</indexColumnUsage>
</ind_PK_UK>
</indexes>
</Table>