<?xml version = '1.0' encoding = 'UTF-8'?>
<Table class="oracle.dbtools.crest.model.design.relational.Table" directorySegmentName="seg_0" id="D8863BD5-7256-874B-465F-D25D37DD855E" name="FORNECEDOR">
<createdBy>erasus</createdBy>
<createdTime>2024-02-23 23:34:28 UTC</createdTime>
<ownerDesignName>ControleEstoque</ownerDesignName>
<ordsAlias>table_8</ordsAlias>
<allowColumnReorder>false</allowColumnReorder>
<existDependencyGenerateInDDl>true</existDependencyGenerateInDDl>
<parsed>true</parsed>
<columns itemClass="oracle.dbtools.crest.model.design.relational.Column">
<Column name="CD_FORNECEDOR" id="FBA82292-F674-E480-8D24-A707ACB98DCA">
<createdBy>erasus</createdBy>
<createdTime>2024-02-23 23:37:29 UTC</createdTime>
<ownerDesignName>ControleEstoque</ownerDesignName>
<useDomainConstraints>false</useDomainConstraints>
<use>1</use>
<logicalDatatype>LOGDT019</logicalDatatype>
<dataTypePrecision>7</dataTypePrecision>
<ownDataTypeParameters>,,</ownDataTypeParameters>
<autoIncrementCycle>false</autoIncrementCycle>
<associations>
<colAssociation fkAssociation="62BAB2BD-C816-0819-47B1-848A213ECF0C" referredColumn="FF37A9E4-2F24-2961-6319-6C3ACC95BD88"/>
</associations>
</Column>
<Column name="NR_CNPJ" id="28CDAC51-51CC-1585-A57D-9E37E75920FC">
<createdBy>erasus</createdBy>
<createdTime>2024-02-23 23:37:29 UTC</createdTime>
<ownerDesignName>ControleEstoque</ownerDesignName>
<useDomainConstraints>false</useDomainConstraints>
<use>1</use>
<logicalDatatype>LOGDT025</logicalDatatype>
<dataTypeSize>14 CHAR</dataTypeSize>
<ownDataTypeParameters>14 CHAR,,</ownDataTypeParameters>
<autoIncrementCycle>false</autoIncrementCycle>
</Column>
<Column name="NM_RAZAOSOCIAL" id="1E358484-9A7C-03A9-3283-C61C35B1F4A5">
<createdBy>erasus</createdBy>
<createdTime>2024-02-23 23:37:29 UTC</createdTime>
<ownerDesignName>ControleEstoque</ownerDesignName>
<useDomainConstraints>false</useDomainConstraints>
<use>1</use>
<logicalDatatype>LOGDT024</logicalDatatype>
<dataTypeSize>100 CHAR</dataTypeSize>
<ownDataTypeParameters>100 CHAR,,</ownDataTypeParameters>
<autoIncrementCycle>false</autoIncrementCycle>
</Column>
</columns>
<indexes itemClass="oracle.dbtools.crest.model.design.relational.Index">
<ind_PK_UK id="E0737D6B-EA77-07AF-0FBD-FB8C5028D8FF" name="FORNECEDOR_PK">
<createdBy>erasus</createdBy>
<createdTime>2024-02-23 23:37:29 UTC</createdTime>
<ownerDesignName>ControleEstoque</ownerDesignName>
<pk>true</pk>
<indexState>Primary Constraint</indexState>
<isSurrogateKey>false</isSurrogateKey>
<indexColumnUsage>
<colUsage columnID="FBA82292-F674-E480-8D24-A707ACB98DCA"/>
</indexColumnUsage>
</ind_PK_UK>
<ind_PK_UK id="37F31C6D-E8A8-EEFE-E201-697CCC4D31E4" name="FORNECEDOR_CNPJ_UN">
<createdBy>erasus</createdBy>
<createdTime>2024-02-23 23:37:29 UTC</createdTime>
<ownerDesignName>ControleEstoque</ownerDesignName>
<indexState>Unique Constraint</indexState>
<isSurrogateKey>false</isSurrogateKey>
<indexColumnUsage>
<colUsage columnID="28CDAC51-51CC-1585-A57D-9E37E75920FC"/>
</indexColumnUsage>
</ind_PK_UK>
<ind_PK_UK id="4E7D0E22-DDCE-CF4A-2C98-A736285AB0BA" name="FORNECEDOR_CNPJ_IDX">
<createdBy>erasus</createdBy>
<createdTime>2024-02-23 23:37:29 UTC</createdTime>
<ownerDesignName>ControleEstoque</ownerDesignName>
<indexState>Unique Plain Index</indexState>
<isSurrogateKey>false</isSurrogateKey>
<indexColumnUsage>
<colUsage columnID="28CDAC51-51CC-1585-A57D-9E37E75920FC"/>
</indexColumnUsage>
</ind_PK_UK>
<ind_PK_UK id="437F8FE5-0690-7436-43F4-5056CD943AB7" name="FORNECEDOR_PESSOA_FK">
<createdBy>erasus</createdBy>
<createdTime>2024-02-23 23:38:16 UTC</createdTime>
<ownerDesignName>ControleEstoque</ownerDesignName>
<indexState>Foreign Key</indexState>
<isSurrogateKey>false</isSurrogateKey>
<indexColumnUsage>
<colUsage columnID="FBA82292-F674-E480-8D24-A707ACB98DCA"/>
</indexColumnUsage>
</ind_PK_UK>
</indexes>
</Table>