<?xml version = '1.0' encoding = 'UTF-8'?>
<FKIndexAssociation class="oracle.dbtools.crest.model.design.relational.FKIndexAssociation" directorySegmentName="seg_0" id="5E3A3F4F-561C-0614-2E50-F11E184391F6" containerWithKeyObject="463B369D-96D1-D4ED-1B6A-A57B37FB7EF8" localFKIndex="93B0F366-FBF2-533F-D1FE-4CB4BC9217E7" name="TRANSACAO_PRODUTO_ESTOQUE_FK">
<createdBy>erasm</createdBy>
<createdTime>2024-02-28 23:44:28 UTC</createdTime>
<ownerDesignName>ModeloLogico</ownerDesignName>
<referredTableLongName>PRODUTO_ESTOQUE</referredTableLongName>
<deleteRule>NO ACTION</deleteRule>
<referredTableID>0E0B04C0-131B-AF64-A0CE-E85A357F68B2</referredTableID>
<keyObject>8872982C-916A-0936-2EA1-593B6D75CAAE</keyObject>
<referredKeyID>8872982C-916A-0936-2EA1-593B6D75CAAE</referredKeyID>
<mandatory>true</mandatory>
<refColNames>CD_ESTOQUE,CD_PRODUTO</refColNames>
<transferable>true</transferable>
<rely>false</rely>
<discriminatorColumn>4B11A667-83EA-6A0C-02CD-CBA93218642C</discriminatorColumn>
<columnDependencyConstraintGenerateInDDL>true</columnDependencyConstraintGenerateInDDL>
</FKIndexAssociation>
