<?xml version = '1.0' encoding = 'UTF-8'?>
<relationalModel class="oracle.dbtools.crest.model.design.relational.RelationalDesign" name="ControleEstoque" id="C3FF3A72-773E-0AFB-08B6-A1A0695CC0E5" mainViewID="B1718CFE-EB39-3F0F-C9C9-D2D9EE71D219">
<createdBy>erasus</createdBy>
<createdTime>2024-02-23 23:05:00 UTC</createdTime>
<ownerDesignName>ControleEstoque</ownerDesignName>
<shouldBeOpen>false</shouldBeOpen>
<selectedRDBMSSite>01F6E6D1-21D0-CFBD-ABDD-3988D1813575</selectedRDBMSSite>
</relationalModel>
