<?xml version = '1.0' encoding = 'UTF-8'?>
<Diagram class="oracle.dbtools.crest.swingui.relational.DPVRelational" name="ControleEstoque" id="B1718CFE-EB39-3F0F-C9C9-D2D9EE71D219">
<createdBy>erasus</createdBy>
<modifiedBy>erasus</modifiedBy>
<createdTime>2024-02-23 23:05:00 UTC</createdTime>
<autoRoute>false</autoRoute>
<boxInbox>true</boxInbox>
<showLegend>false</showLegend>
<showLabels>false</showLabels>
<showRelAttributes>false</showRelAttributes>
<gridEnabled>false</gridEnabled>
<showGrid>false</showGrid>
<diagramColor>-1</diagramColor>
<display>false</display>
<notation>1</notation>
<objectViews>
<OView class="oracle.dbtools.crest.swingui.relational.TVTable" oid="1B2A66CD-F520-C565-39FC-D3F7DA2F6D66" otype="Table" vid="DCF263D9-0A58-A4AD-C7BF-79B264F71945">
<hideElementsInCurrentOnly>false</hideElementsInCurrentOnly>
<bounds x="417" y="949" width="320" height="142"/>
</OView>
<OView class="oracle.dbtools.crest.swingui.relational.TVTable" oid="3CABBB25-B6F1-BE46-DA92-4F9D282445D8" otype="Table" vid="5FEF7E56-8983-66D5-5303-B370E9DFC852">
<hideElementsInCurrentOnly>false</hideElementsInCurrentOnly>
<bounds x="1266" y="278" width="234" height="148"/>
</OView>
<OView class="oracle.dbtools.crest.swingui.relational.TVTable" oid="41DDD8D0-BD6D-D86B-CF19-397CB1C9E0DD" otype="Table" vid="7BD35DCF-D3CC-04C2-E151-3B837671D4E9">
<hideElementsInCurrentOnly>false</hideElementsInCurrentOnly>
<bounds x="364" y="514" width="368" height="115"/>
</OView>
<OView class="oracle.dbtools.crest.swingui.relational.TVTable" oid="64AFB997-7360-3BDE-2C90-BCE0FE55B6E5" otype="Table" vid="2BC6DC32-47A6-79A3-0C73-A0979BC86ED6">
<hideElementsInCurrentOnly>false</hideElementsInCurrentOnly>
<bounds x="949" y="511" width="217" height="142"/>
</OView>
<OView class="oracle.dbtools.crest.swingui.relational.TVTable" oid="9BFF8ED9-AD60-EFEA-9810-7B9B1E9B5218" otype="Table" vid="353D0559-B755-4F00-3123-1AD5044FFD22">
<hideElementsInCurrentOnly>false</hideElementsInCurrentOnly>
<bounds x="389" y="738" width="314" height="110"/>
</OView>
<OView class="oracle.dbtools.crest.swingui.relational.TVTable" oid="AC0F4D98-F565-144C-7A0B-E72D9A2D38CF" otype="Table" vid="A0B84ED6-BDB0-3DB9-B15D-A2BC77B71FB3">
<hideElementsInCurrentOnly>false</hideElementsInCurrentOnly>
<bounds x="894" y="44" width="276" height="174"/>
</OView>
<OView class="oracle.dbtools.crest.swingui.relational.TVTable" oid="B16E23AC-CB30-34FA-1671-21A01CEE5575" otype="Table" vid="A0626557-7AB3-77F7-B3CD-68ED44AB762C">
<hideElementsInCurrentOnly>false</hideElementsInCurrentOnly>
<bounds x="1293" y="91" width="251" height="97"/>
</OView>
<OView class="oracle.dbtools.crest.swingui.relational.TVTable" oid="C24E65AE-D02C-057B-A43E-5A11BE58A699" otype="Table" vid="5EF889D1-4F58-85CB-3755-AEFB49B5FF99">
<hideElementsInCurrentOnly>false</hideElementsInCurrentOnly>
<bounds x="904" y="714" width="302" height="116"/>
</OView>
<OView class="oracle.dbtools.crest.swingui.relational.TVTable" oid="C99082CC-885A-04C2-37BB-4140D154F688" otype="Table" vid="C9C5DB9B-6487-634C-C62C-0992F8CC7DE3">
<hideElementsInCurrentOnly>false</hideElementsInCurrentOnly>
<bounds x="930" y="292" width="253" height="129"/>
</OView>
<OView class="oracle.dbtools.crest.swingui.relational.TVTable" oid="CCF4DB22-66F5-572C-A9F5-E5DD1B2F83E3" otype="Table" vid="899C8C2B-E71C-64C7-F5DC-AD708A392419">
<hideElementsInCurrentOnly>false</hideElementsInCurrentOnly>
<bounds x="870" y="949" width="388" height="168"/>
</OView>
<OView class="oracle.dbtools.crest.swingui.relational.TVTable" oid="D6AFA919-3F04-7A88-460F-3A29CB454023" otype="Table" vid="1A331CCF-267F-E13F-5036-08AC2C618E48">
<hideElementsInCurrentOnly>false</hideElementsInCurrentOnly>
<bounds x="463" y="1169" width="223" height="97"/>
</OView>
<OView class="oracle.dbtools.crest.swingui.relational.TVTable" oid="D8863BD5-7256-874B-465F-D25D37DD855E" otype="Table" vid="751D025C-CF60-B080-C071-AB2E5F09BF67">
<hideElementsInCurrentOnly>false</hideElementsInCurrentOnly>
<bounds x="411" y="265" width="281" height="135"/>
</OView>
</objectViews>
<connectors>
<Connector class="oracle.dbtools.crest.swingui.relational.TVFKRelation" oid="0BFFA39A-98F4-8C61-B3C4-CEFB7E946C81" otype="FKIndexAssociation" vid_source="353D0559-B755-4F00-3123-1AD5044FFD22" vid_target="DCF263D9-0A58-A4AD-C7BF-79B264F71945">
<hideElementsInCurrentOnly>false</hideElementsInCurrentOnly>
<backgroundColor>-16777216</backgroundColor>
<lineWidth>1</lineWidth>
<points>
<point x="575" y="848"/>
<point x="575" y="949"/>
</points>
</Connector>
<Connector class="oracle.dbtools.crest.swingui.relational.TVFKRelation" oid="1E69C674-2748-FBFA-0718-B2D4EE212859" otype="FKIndexAssociation" vid_source="353D0559-B755-4F00-3123-1AD5044FFD22" vid_target="5EF889D1-4F58-85CB-3755-AEFB49B5FF99">
<hideElementsInCurrentOnly>false</hideElementsInCurrentOnly>
<backgroundColor>-16777216</backgroundColor>
<lineWidth>1</lineWidth>
<points>
<point x="703" y="784"/>
<point x="904" y="784"/>
</points>
</Connector>
<Connector class="oracle.dbtools.crest.swingui.relational.TVFKRelation" oid="5BB09CB7-3887-E216-7B2F-86EF291D576B" otype="FKIndexAssociation" vid_source="5EF889D1-4F58-85CB-3755-AEFB49B5FF99" vid_target="899C8C2B-E71C-64C7-F5DC-AD708A392419">
<hideElementsInCurrentOnly>false</hideElementsInCurrentOnly>
<backgroundColor>-16777216</backgroundColor>
<lineWidth>1</lineWidth>
<points>
<point x="1055" y="830"/>
<point x="1055" y="949"/>
</points>
</Connector>
<Connector class="oracle.dbtools.crest.swingui.relational.TVFKRelation" oid="5F69598C-59D0-E976-27BD-36853B162CBF" otype="FKIndexAssociation" vid_source="A0626557-7AB3-77F7-B3CD-68ED44AB762C" vid_target="A0B84ED6-BDB0-3DB9-B15D-A2BC77B71FB3">
<hideElementsInCurrentOnly>false</hideElementsInCurrentOnly>
<backgroundColor>-16777216</backgroundColor>
<lineWidth>1</lineWidth>
<points>
<point x="1293" y="139"/>
<point x="1170" y="139"/>
</points>
</Connector>
<Connector class="oracle.dbtools.crest.swingui.relational.TVFKRelation" oid="62B99909-41BD-5211-587E-096A2E09C551" otype="FKIndexAssociation" vid_source="1A331CCF-267F-E13F-5036-08AC2C618E48" vid_target="DCF263D9-0A58-A4AD-C7BF-79B264F71945">
<hideElementsInCurrentOnly>false</hideElementsInCurrentOnly>
<backgroundColor>-16777216</backgroundColor>
<lineWidth>1</lineWidth>
<points>
<point x="574" y="1169"/>
<point x="574" y="1091"/>
</points>
</Connector>
<Connector class="oracle.dbtools.crest.swingui.relational.TVFKRelation" oid="62BAB2BD-C816-0819-47B1-848A213ECF0C" otype="FKIndexAssociation" vid_source="C9C5DB9B-6487-634C-C62C-0992F8CC7DE3" vid_target="751D025C-CF60-B080-C071-AB2E5F09BF67">
<hideElementsInCurrentOnly>false</hideElementsInCurrentOnly>
<backgroundColor>-16777216</backgroundColor>
<lineWidth>1</lineWidth>
<points>
<point x="930" y="346"/>
<point x="692" y="346"/>
</points>
</Connector>
<Connector class="oracle.dbtools.crest.swingui.relational.TVFKRelation" oid="817A7258-48B0-2F97-72CF-68D42CE7783E" otype="FKIndexAssociation" vid_source="751D025C-CF60-B080-C071-AB2E5F09BF67" vid_target="7BD35DCF-D3CC-04C2-E151-3B837671D4E9">
<hideElementsInCurrentOnly>false</hideElementsInCurrentOnly>
<backgroundColor>-16777216</backgroundColor>
<lineWidth>1</lineWidth>
<points>
<point x="551" y="400"/>
<point x="551" y="514"/>
</points>
</Connector>
<Connector class="oracle.dbtools.crest.swingui.relational.TVFKRelation" oid="B88A99FF-1DA7-AC8B-6F1D-6D8149638F5E" otype="FKIndexAssociation" vid_source="2BC6DC32-47A6-79A3-0C73-A0979BC86ED6" vid_target="5EF889D1-4F58-85CB-3755-AEFB49B5FF99">
<hideElementsInCurrentOnly>false</hideElementsInCurrentOnly>
<backgroundColor>-16777216</backgroundColor>
<lineWidth>1</lineWidth>
<points>
<point x="1057" y="653"/>
<point x="1057" y="714"/>
</points>
</Connector>
<Connector class="oracle.dbtools.crest.swingui.relational.TVFKRelation" oid="C15D97F6-BA65-7130-E9DB-953D67EFEC30" otype="FKIndexAssociation" vid_source="C9C5DB9B-6487-634C-C62C-0992F8CC7DE3" vid_target="2BC6DC32-47A6-79A3-0C73-A0979BC86ED6">
<hideElementsInCurrentOnly>false</hideElementsInCurrentOnly>
<backgroundColor>-16777216</backgroundColor>
<lineWidth>1</lineWidth>
<points>
<point x="1057" y="421"/>
<point x="1057" y="511"/>
</points>
</Connector>
<Connector class="oracle.dbtools.crest.swingui.relational.TVFKRelation" oid="CDEBB3B6-C7EC-E7D4-57EC-77B437C94947" otype="FKIndexAssociation" vid_source="DCF263D9-0A58-A4AD-C7BF-79B264F71945" vid_target="899C8C2B-E71C-64C7-F5DC-AD708A392419">
<hideElementsInCurrentOnly>false</hideElementsInCurrentOnly>
<backgroundColor>-16777216</backgroundColor>
<lineWidth>1</lineWidth>
<points>
<point x="737" y="1005"/>
<point x="870" y="1005"/>
</points>
</Connector>
<Connector class="oracle.dbtools.crest.swingui.relational.TVFKRelation" oid="D3BB5BF3-C4F5-F847-278B-2BAB8278D8B2" otype="FKIndexAssociation" vid_source="A0B84ED6-BDB0-3DB9-B15D-A2BC77B71FB3" vid_target="C9C5DB9B-6487-634C-C62C-0992F8CC7DE3">
<hideElementsInCurrentOnly>false</hideElementsInCurrentOnly>
<backgroundColor>-16777216</backgroundColor>
<lineWidth>1</lineWidth>
<points>
<point x="1035" y="218"/>
<point x="1035" y="292"/>
</points>
</Connector>
<Connector class="oracle.dbtools.crest.swingui.relational.TVFKRelation" oid="D5B8D2F3-A72D-BFD1-893A-EB57EB7457AE" otype="FKIndexAssociation" vid_source="C9C5DB9B-6487-634C-C62C-0992F8CC7DE3" vid_target="5FEF7E56-8983-66D5-5303-B370E9DFC852">
<hideElementsInCurrentOnly>false</hideElementsInCurrentOnly>
<backgroundColor>-16777216</backgroundColor>
<lineWidth>1</lineWidth>
<points>
<point x="1183" y="356"/>
<point x="1266" y="356"/>
</points>
</Connector>
<Connector class="oracle.dbtools.crest.swingui.relational.TVFKRelation" oid="F1195144-4DD2-F2B1-1591-58266B2967CE" otype="FKIndexAssociation" vid_source="353D0559-B755-4F00-3123-1AD5044FFD22" vid_target="7BD35DCF-D3CC-04C2-E151-3B837671D4E9">
<hideElementsInCurrentOnly>false</hideElementsInCurrentOnly>
<backgroundColor>-16777216</backgroundColor>
<lineWidth>1</lineWidth>
<points>
<point x="561" y="738"/>
<point x="561" y="629"/>
</points>
</Connector>
</connectors>
</Diagram>
