<?xml version = '1.0' encoding = 'UTF-8'?>
<Table class="oracle.dbtools.crest.model.design.relational.Table" directorySegmentName="seg_0" id="14F7FEBA-F94A-F77B-86D7-1D021C170218" name="MUNICIPIO">
<createdBy>erasm</createdBy>
<createdTime>2024-02-28 23:23:27 UTC</createdTime>
<ownerDesignName>ModeloLogico</ownerDesignName>
<ordsAlias>table_9</ordsAlias>
<allowColumnReorder>false</allowColumnReorder>
<existDependencyGenerateInDDl>true</existDependencyGenerateInDDl>
<parsed>true</parsed>
<columns itemClass="oracle.dbtools.crest.model.design.relational.Column">
<Column name="CD_MUNICIPIO" id="322003FA-ACC8-801A-9302-3DA0FC5D2C05">
<createdBy>erasm</createdBy>
<createdTime>2024-02-28 23:24:30 UTC</createdTime>
<ownerDesignName>ModeloLogico</ownerDesignName>
<useDomainConstraints>false</useDomainConstraints>
<use>1</use>
<logicalDatatype>LOGDT018</logicalDatatype>
<ownDataTypeParameters>,,</ownDataTypeParameters>
<autoIncrementColumn>true</autoIncrementColumn>
<identityColumn>true</identityColumn>
<autoIncrementCycle>false</autoIncrementCycle>
</Column>
<Column name="NM_MUNICIPIO" id="DE671B96-8463-93A2-F08A-B05102583C24">
<createdBy>erasm</createdBy>
<createdTime>2024-02-28 23:24:30 UTC</createdTime>
<ownerDesignName>ModeloLogico</ownerDesignName>
<useDomainConstraints>false</useDomainConstraints>
<use>1</use>
<logicalDatatype>LOGDT024</logicalDatatype>
<dataTypeSize>50</dataTypeSize>
<ownDataTypeParameters>50,,</ownDataTypeParameters>
<autoIncrementCycle>false</autoIncrementCycle>
</Column>
<Column name="NM_ESTADO" id="089D1467-09E0-9ECF-9E9C-AA0567AA5E5D">
<createdBy>erasm</createdBy>
<createdTime>2024-02-28 23:24:30 UTC</createdTime>
<ownerDesignName>ModeloLogico</ownerDesignName>
<useDomainConstraints>false</useDomainConstraints>
<use>1</use>
<logicalDatatype>LOGDT024</logicalDatatype>
<dataTypeSize>50 CHAR</dataTypeSize>
<ownDataTypeParameters>50 CHAR,,</ownDataTypeParameters>
<autoIncrementCycle>false</autoIncrementCycle>
</Column>
<Column name="NM_PAIS" id="9918FE42-D165-74C1-78CD-9611C59E6B86">
<createdBy>erasm</createdBy>
<createdTime>2024-02-28 23:24:30 UTC</createdTime>
<ownerDesignName>ModeloLogico</ownerDesignName>
<useDomainConstraints>false</useDomainConstraints>
<use>1</use>
<logicalDatatype>LOGDT024</logicalDatatype>
<dataTypeSize>50 CHAR</dataTypeSize>
<ownDataTypeParameters>50 CHAR,,</ownDataTypeParameters>
<autoIncrementCycle>false</autoIncrementCycle>
</Column>
</columns>
<indexes itemClass="oracle.dbtools.crest.model.design.relational.Index">
<ind_PK_UK id="7F4744A7-FB58-C5B4-E08E-7EE8AC5B6F0E" name="MUNICIPIO_PK">
<createdBy>erasm</createdBy>
<createdTime>2024-02-28 23:24:30 UTC</createdTime>
<ownerDesignName>ModeloLogico</ownerDesignName>
<pk>true</pk>
<indexState>Primary Constraint</indexState>
<isSurrogateKey>false</isSurrogateKey>
<indexColumnUsage>
<colUsage columnID="322003FA-ACC8-801A-9302-3DA0FC5D2C05"/>
</indexColumnUsage>
</ind_PK_UK>
<ind_PK_UK id="BE3FD61F-B12C-08FF-318A-5192067C3326" name="MUNICIPIO_CD_IDX">
<createdBy>erasm</createdBy>
<createdTime>2024-02-28 23:39:03 UTC</createdTime>
<ownerDesignName>ModeloLogico</ownerDesignName>
<indexState>Unique Plain Index</indexState>
<isSurrogateKey>false</isSurrogateKey>
<indexColumnUsage>
<colUsage columnID="322003FA-ACC8-801A-9302-3DA0FC5D2C05"/>
</indexColumnUsage>
</ind_PK_UK>
</indexes>
</Table>
