<?xml version = '1.0' encoding = 'UTF-8'?>
<relationalModel class="oracle.dbtools.crest.model.design.relational.RelationalDesign" name="Relational_1" id="E98461CC-2A9E-A8C8-3E7D-AF00CF3E4C04" mainViewID="1D900AE5-74E5-EB3A-3571-C11FAAE3C196">
<createdBy>erasm</createdBy>
<createdTime>2024-02-28 22:53:33 UTC</createdTime>
<ownerDesignName>ModeloLogico</ownerDesignName>
<shouldBeOpen>false</shouldBeOpen>
<selectedRDBMSSite>32076570-2523-435C-2E92-BF29817DFF70</selectedRDBMSSite>
</relationalModel>