<?xml version = '1.0' encoding = 'UTF-8'?>
<FKIndexAssociation class="oracle.dbtools.crest.model.design.relational.FKIndexAssociation" directorySegmentName="seg_0" id="8A8F16C9-FA99-76B8-8D78-C2D44978F955" containerWithKeyObject="F3AD85E0-AFCA-67DC-0501-F2B7CDC83FB2" localFKIndex="8252C1C6-C805-9142-F77A-470C5CB2825A" name="PROD_FORN_FORN_FK">
<createdBy>erasm</createdBy>
<createdTime>2024-02-28 23:26:30 UTC</createdTime>
<ownerDesignName>ModeloLogico</ownerDesignName>
<referredTableLongName>FORNECEDOR</referredTableLongName>
<deleteRule>NO ACTION</deleteRule>
<referredTableID>B28629FD-8CA2-4E87-636F-8460D7D9CC17</referredTableID>
<keyObject>6594CB83-DF73-C785-1746-620BDC94CADD</keyObject>
<referredKeyID>6594CB83-DF73-C785-1746-620BDC94CADD</referredKeyID>
<mandatory>true</mandatory>
<refColNames>CD_FORNECEDOR</refColNames>
<transferable>true</transferable>
<rely>false</rely>
<discriminatorColumn>F044C803-0ABE-2E53-5CA1-D37D29E7A751</discriminatorColumn>
<columnDependencyConstraintGenerateInDDL>true</columnDependencyConstraintGenerateInDDL>
</FKIndexAssociation>
