<?xml version = '1.0' encoding = 'UTF-8'?>
<Table class="oracle.dbtools.crest.model.design.relational.Table" directorySegmentName="seg_0" id="463B369D-96D1-D4ED-1B6A-A57B37FB7EF8" name="TRANSACAO">
<createdBy>erasm</createdBy>
<createdTime>2024-02-28 22:54:56 UTC</createdTime>
<ownerDesignName>ModeloLogico</ownerDesignName>
<ordsAlias>table_6</ordsAlias>
<allowColumnReorder>false</allowColumnReorder>
<existDependencyGenerateInDDl>true</existDependencyGenerateInDDl>
<parsed>true</parsed>
<columns itemClass="oracle.dbtools.crest.model.design.relational.Column">
<Column name="CD_TRANSACAO" id="EE2D504B-97C9-AA14-5BFF-9B0542430138">
<createdBy>erasm</createdBy>
<createdTime>2024-02-28 23:35:48 UTC</createdTime>
<ownerDesignName>ModeloLogico</ownerDesignName>
<useDomainConstraints>false</useDomainConstraints>
<use>1</use>
<logicalDatatype>LOGDT019</logicalDatatype>
<dataTypePrecision>7</dataTypePrecision>
<ownDataTypeParameters>,7,</ownDataTypeParameters>
<autoIncrementCycle>false</autoIncrementCycle>
</Column>
<Column name="CD_ESTOQUE" id="D2481584-96F5-B70F-BBAC-F9E1B50EC031">
<createdBy>erasm</createdBy>
<createdTime>2024-02-28 23:44:19 UTC</createdTime>
<ownerDesignName>ModeloLogico</ownerDesignName>
<useDomainConstraints>false</useDomainConstraints>
<use>1</use>
<logicalDatatype>LOGDT018</logicalDatatype>
<ownDataTypeParameters>,,</ownDataTypeParameters>
<autoIncrementCycle>false</autoIncrementCycle>
<associations>
<colAssociation fkAssociation="5E3A3F4F-561C-0614-2E50-F11E184391F6" referredColumn="3CFDEE49-EA2A-4CD8-94C5-79C99FA4EB5F"/>
</associations>
</Column>
<Column name="CD_PRODUTO" id="3D1622DA-ACEC-C2C7-B173-E7C84F1955BC">
<createdBy>erasm</createdBy>
<createdTime>2024-02-28 23:44:28 UTC</createdTime>
<ownerDesignName>ModeloLogico</ownerDesignName>
<useDomainConstraints>false</useDomainConstraints>
<use>1</use>
<logicalDatatype>LOGDT018</logicalDatatype>
<ownDataTypeParameters>,,</ownDataTypeParameters>
<previousColumn>false</previousColumn>
<autoIncrementCycle>false</autoIncrementCycle>
<associations>
<colAssociation fkAssociation="5E3A3F4F-561C-0614-2E50-F11E184391F6" referredColumn="4B11A667-83EA-6A0C-02CD-CBA93218642C"/>
</associations>
</Column>
<Column name="CD_PEDIDO" id="1FDE0799-EA46-A6A2-20D7-A4DDC7AB210C">
<createdBy>erasm</createdBy>
<createdTime>2024-02-28 23:36:19 UTC</createdTime>
<ownerDesignName>ModeloLogico</ownerDesignName>
<useDomainConstraints>false</useDomainConstraints>
<use>1</use>
<logicalDatatype>LOGDT019</logicalDatatype>
<dataTypePrecision>7</dataTypePrecision>
<ownDataTypeParameters>,,</ownDataTypeParameters>
<autoIncrementCycle>false</autoIncrementCycle>
<associations>
<colAssociation fkAssociation="0FFF5186-7135-4483-BA8A-735D374F79BD" referredColumn="DA61DBFD-ECFC-04B5-64CF-09B1A4AAA08F"/>
</associations>
</Column>
<Column name="TP_TRANSACAO" id="C1459CBA-B46D-5357-8341-573CD6283CB4">
<createdBy>erasm</createdBy>
<createdTime>2024-02-28 23:35:48 UTC</createdTime>
<ownerDesignName>ModeloLogico</ownerDesignName>
<useDomainConstraints>false</useDomainConstraints>
<use>1</use>
<logicalDatatype>LOGDT025</logicalDatatype>
<dataTypeSize>1 CHAR</dataTypeSize>
<ownDataTypeParameters>1 CHAR,,</ownDataTypeParameters>
<autoIncrementCycle>false</autoIncrementCycle>
</Column>
<Column name="QT_PRODUTO" id="056EF101-3A4D-72AF-5172-5214B057D02F">
<createdBy>erasm</createdBy>
<createdTime>2024-02-28 23:35:48 UTC</createdTime>
<ownerDesignName>ModeloLogico</ownerDesignName>
<useDomainConstraints>false</useDomainConstraints>
<use>1</use>
<logicalDatatype>LOGDT019</logicalDatatype>
<dataTypePrecision>7</dataTypePrecision>
<dataTypeScale>2</dataTypeScale>
<ownDataTypeParameters>,7,2</ownDataTypeParameters>
<autoIncrementCycle>false</autoIncrementCycle>
</Column>
<Column name="DT_TRANSACAO" id="37157108-294A-B02A-06C8-FCE583688FB7">
<createdBy>erasm</createdBy>
<createdTime>2024-02-28 23:35:48 UTC</createdTime>
<ownerDesignName>ModeloLogico</ownerDesignName>
<useDomainConstraints>false</useDomainConstraints>
<use>1</use>
<logicalDatatype>LOGDT008</logicalDatatype>
<ownDataTypeParameters>,,</ownDataTypeParameters>
<autoIncrementCycle>false</autoIncrementCycle>
</Column>
</columns>
<indexes itemClass="oracle.dbtools.crest.model.design.relational.Index">
<ind_PK_UK id="E760B744-E3D6-46A2-E1A6-7E5517FAC90F" name="TRANSACAO_PK">
<createdBy>erasm</createdBy>
<createdTime>2024-02-28 23:35:48 UTC</createdTime>
<ownerDesignName>ModeloLogico</ownerDesignName>
<pk>true</pk>
<indexState>Primary Constraint</indexState>
<isSurrogateKey>false</isSurrogateKey>
<indexColumnUsage>
<colUsage columnID="EE2D504B-97C9-AA14-5BFF-9B0542430138"/>
</indexColumnUsage>
</ind_PK_UK>
<ind_PK_UK id="72AB64F7-86CB-E2FF-E69D-7401A9B29AE0" name="TRANSACAO_PEDIDO_FK">
<createdBy>erasm</createdBy>
<createdTime>2024-02-28 23:36:22 UTC</createdTime>
<ownerDesignName>ModeloLogico</ownerDesignName>
<indexState>Foreign Key</indexState>
<isSurrogateKey>false</isSurrogateKey>
<indexColumnUsage>
<colUsage columnID="1FDE0799-EA46-A6A2-20D7-A4DDC7AB210C"/>
</indexColumnUsage>
</ind_PK_UK>
<ind_PK_UK id="93B0F366-FBF2-533F-D1FE-4CB4BC9217E7" name="TRANSACAO_PRODUTO_ESTOQUE_FK">
<createdBy>erasm</createdBy>
<createdTime>2024-02-28 23:44:28 UTC</createdTime>
<ownerDesignName>ModeloLogico</ownerDesignName>
<indexState>Foreign Key</indexState>
<isSurrogateKey>false</isSurrogateKey>
<indexColumnUsage>
<colUsage columnID="D2481584-96F5-B70F-BBAC-F9E1B50EC031"/>
<colUsage columnID="3D1622DA-ACEC-C2C7-B173-E7C84F1955BC"/>
</indexColumnUsage>
</ind_PK_UK>
</indexes>
</Table>
