<?xml version = '1.0' encoding = 'UTF-8'?>
<Table class="oracle.dbtools.crest.model.design.relational.Table" directorySegmentName="seg_0" id="F3AD85E0-AFCA-67DC-0501-F2B7CDC83FB2" name="PRODUTO_FONECEDOR">
<createdBy>erasm</createdBy>
<createdTime>2024-02-28 23:25:05 UTC</createdTime>
<ownerDesignName>ModeloLogico</ownerDesignName>
<ordsAlias>table_11</ordsAlias>
<allowColumnReorder>false</allowColumnReorder>
<existDependencyGenerateInDDl>true</existDependencyGenerateInDDl>
<parsed>true</parsed>
<columns itemClass="oracle.dbtools.crest.model.design.relational.Column">
<Column name="CD_PRODUTO" id="003542DE-56F1-157A-EF30-875D827650A8">
<createdBy>erasm</createdBy>
<createdTime>2024-02-28 23:26:14 UTC</createdTime>
<ownerDesignName>ModeloLogico</ownerDesignName>
<useDomainConstraints>false</useDomainConstraints>
<use>1</use>
<logicalDatatype>LOGDT018</logicalDatatype>
<ownDataTypeParameters>,,</ownDataTypeParameters>
<autoIncrementCycle>false</autoIncrementCycle>
<associations>
<colAssociation fkAssociation="36BFA3E7-359D-0AC1-1153-E8C908C18323" referredColumn="56FCE650-2C20-4EAF-7D73-19B02C6C1CC6"/>
</associations>
</Column>
<Column name="CD_FORNECEDOR" id="946D7FD4-1987-516F-0F9D-C4540C6CD141">
<createdBy>erasm</createdBy>
<createdTime>2024-02-28 23:26:14 UTC</createdTime>
<ownerDesignName>ModeloLogico</ownerDesignName>
<useDomainConstraints>false</useDomainConstraints>
<use>1</use>
<logicalDatatype>LOGDT019</logicalDatatype>
<dataTypePrecision>7</dataTypePrecision>
<ownDataTypeParameters>,,</ownDataTypeParameters>
<autoIncrementCycle>false</autoIncrementCycle>
<associations>
<colAssociation fkAssociation="8A8F16C9-FA99-76B8-8D78-C2D44978F955" referredColumn="F044C803-0ABE-2E53-5CA1-D37D29E7A751"/>
</associations>
</Column>
<Column name="VL_PRODUTO" id="75F59D19-03B1-E7BF-08DD-3C06CAADA378">
<createdBy>erasm</createdBy>
<createdTime>2024-02-28 23:26:14 UTC</createdTime>
<ownerDesignName>ModeloLogico</ownerDesignName>
<nullsAllowed>true</nullsAllowed>
<useDomainConstraints>false</useDomainConstraints>
<use>1</use>
<logicalDatatype>LOGDT019</logicalDatatype>
<dataTypePrecision>7</dataTypePrecision>
<dataTypeScale>2</dataTypeScale>
<ownDataTypeParameters>,7,2</ownDataTypeParameters>
<autoIncrementCycle>false</autoIncrementCycle>
</Column>
</columns>
<indexes itemClass="oracle.dbtools.crest.model.design.relational.Index">
<ind_PK_UK id="C15F8138-D041-7DF5-02B3-B2549D911BEB" name="PRODUTO_FONECEDOR_PK">
<createdBy>erasm</createdBy>
<createdTime>2024-02-28 23:26:14 UTC</createdTime>
<ownerDesignName>ModeloLogico</ownerDesignName>
<pk>true</pk>
<indexState>Primary Constraint</indexState>
<isSurrogateKey>false</isSurrogateKey>
<indexColumnUsage>
<colUsage columnID="946D7FD4-1987-516F-0F9D-C4540C6CD141"/>
<colUsage columnID="003542DE-56F1-157A-EF30-875D827650A8"/>
</indexColumnUsage>
</ind_PK_UK>
<ind_PK_UK id="E87117EE-6216-AAC8-0F35-67D2FB92C8D4" name="PRODUTO_FONECEDOR_PRODUTO_FK">
<createdBy>erasm</createdBy>
<createdTime>2024-02-28 23:26:23 UTC</createdTime>
<ownerDesignName>ModeloLogico</ownerDesignName>
<indexState>Foreign Key</indexState>
<isSurrogateKey>false</isSurrogateKey>
<indexColumnUsage>
<colUsage columnID="003542DE-56F1-157A-EF30-875D827650A8"/>
</indexColumnUsage>
</ind_PK_UK>
<ind_PK_UK id="8252C1C6-C805-9142-F77A-470C5CB2825A" name="PRODUTO_FONECEDOR_FORNECEDOR_FK">
<createdBy>erasm</createdBy>
<createdTime>2024-02-28 23:26:30 UTC</createdTime>
<ownerDesignName>ModeloLogico</ownerDesignName>
<indexState>Foreign Key</indexState>
<isSurrogateKey>false</isSurrogateKey>
<indexColumnUsage>
<colUsage columnID="946D7FD4-1987-516F-0F9D-C4540C6CD141"/>
</indexColumnUsage>
</ind_PK_UK>
</indexes>
</Table>
