<?xml version = '1.0' encoding = 'UTF-8'?>
<Diagram class="oracle.dbtools.crest.swingui.relational.DPVRelational" name="ControleEstoque" id="1D900AE5-74E5-EB3A-3571-C11FAAE3C196">
<createdBy>erasm</createdBy>
<modifiedBy>erasm</modifiedBy>
<createdTime>2024-02-28 22:54:14 UTC</createdTime>
<autoRoute>false</autoRoute>
<boxInbox>true</boxInbox>
<showLegend>false</showLegend>
<showLabels>false</showLabels>
<showRelAttributes>false</showRelAttributes>
<gridEnabled>false</gridEnabled>
<showGrid>false</showGrid>
<diagramColor>-1</diagramColor>
<display>false</display>
<notation>1</notation>
<objectViews>
<OView class="oracle.dbtools.crest.swingui.relational.TVTable" oid="00C689AC-7BD3-A573-A5E5-7B9E9718450C" otype="Table" vid="B42246E1-16AD-4B02-6B57-B8B45438AC2B">
<hideElementsInCurrentOnly>false</hideElementsInCurrentOnly>
<bounds x="625" y="98" width="246" height="157"/>
</OView>
<OView class="oracle.dbtools.crest.swingui.relational.TVTable" oid="0E0B04C0-131B-AF64-A0CE-E85A357F68B2" otype="Table" vid="856A4B06-8A7B-1B98-4720-41981B1E854E">
<hideElementsInCurrentOnly>false</hideElementsInCurrentOnly>
<bounds x="1023" y="751" width="320" height="165"/>
</OView>
<OView class="oracle.dbtools.crest.swingui.relational.TVTable" oid="14F7FEBA-F94A-F77B-86D7-1D021C170218" otype="Table" vid="506348C7-6C87-607A-F85B-61D6F46B1D2B">
<hideElementsInCurrentOnly>false</hideElementsInCurrentOnly>
<bounds x="1422" y="63" width="240" height="123"/>
</OView>
<OView class="oracle.dbtools.crest.swingui.relational.TVTable" oid="15173D25-35A1-7734-6E43-F36F7B597DF1" otype="Table" vid="F89EAF2F-DBB8-B593-5FBE-8B22C5D98CBA">
<hideElementsInCurrentOnly>false</hideElementsInCurrentOnly>
<bounds x="1064" y="204" width="228" height="171"/>
</OView>
<OView class="oracle.dbtools.crest.swingui.relational.TVTable" oid="1E529EEF-03BB-589F-661B-328404D15B1D" otype="Table" vid="3F8B722A-CDE0-C0E3-45E6-F07545D45D9C">
<hideElementsInCurrentOnly>false</hideElementsInCurrentOnly>
<bounds x="612" y="749" width="310" height="123"/>
</OView>
<OView class="oracle.dbtools.crest.swingui.relational.TVTable" oid="463B369D-96D1-D4ED-1B6A-A57B37FB7EF8" otype="Table" vid="0298D7B9-1319-7730-DDD3-CF62E7DF6315">
<hideElementsInCurrentOnly>false</hideElementsInCurrentOnly>
<bounds x="1020" y="395" width="389" height="178"/>
</OView>
<OView class="oracle.dbtools.crest.swingui.relational.TVTable" oid="60AC8DF3-40A2-D8F0-2E07-3E310E107465" otype="Table" vid="8179D9BF-DC61-FC5D-42F3-A51929FFD1BE">
<hideElementsInCurrentOnly>false</hideElementsInCurrentOnly>
<bounds x="630" y="557" width="287" height="123"/>
</OView>
<OView class="oracle.dbtools.crest.swingui.relational.TVTable" oid="747AAC4B-7B14-1CA4-33AC-C388E5377622" otype="Table" vid="0B0BA14B-85C8-D08C-517D-13B0E6FD8F90">
<hideElementsInCurrentOnly>false</hideElementsInCurrentOnly>
<bounds x="653" y="346" width="214" height="157"/>
</OView>
<OView class="oracle.dbtools.crest.swingui.relational.TVTable" oid="B28629FD-8CA2-4E87-636F-8460D7D9CC17" otype="Table" vid="61694BC1-E692-7E94-168B-77B0F3AD7A35">
<hideElementsInCurrentOnly>false</hideElementsInCurrentOnly>
<bounds x="127" y="148" width="278" height="171"/>
</OView>
<OView class="oracle.dbtools.crest.swingui.relational.TVTable" oid="E69680B0-5C7F-F059-3F95-FEE4725D3B73" otype="Table" vid="F78C8A12-2DCB-DCB2-3275-BD0837DCC7F9">
<hideElementsInCurrentOnly>false</hideElementsInCurrentOnly>
<bounds x="1037" y="30" width="261" height="157"/>
</OView>
<OView class="oracle.dbtools.crest.swingui.relational.TVTable" oid="F3AD85E0-AFCA-67DC-0501-F2B7CDC83FB2" otype="Table" vid="0FFD5E25-BA7A-C9BD-7070-078E1702B98A">
<hideElementsInCurrentOnly>false</hideElementsInCurrentOnly>
<bounds x="95" y="701" width="353" height="123"/>
</OView>
<OView class="oracle.dbtools.crest.swingui.relational.TVTable" oid="FAF00DD4-D07F-B0DD-3459-6956E3BB8D51" otype="Table" vid="2D2EF137-9BB6-E640-6588-5CC2F673068F">
<hideElementsInCurrentOnly>false</hideElementsInCurrentOnly>
<bounds x="1474" y="759" width="218" height="123"/>
</OView>
</objectViews>
<connectors>
<Connector class="oracle.dbtools.crest.swingui.relational.TVFKRelation" oid="0956A391-2F5A-AEA7-6485-6BB814DE484A" otype="FKIndexAssociation" vid_source="B42246E1-16AD-4B02-6B57-B8B45438AC2B" vid_target="61694BC1-E692-7E94-168B-77B0F3AD7A35">
<hideElementsInCurrentOnly>false</hideElementsInCurrentOnly>
<backgroundColor>-16777216</backgroundColor>
<lineWidth>1</lineWidth>
<points>
<point x="625" y="201"/>
<point x="405" y="201"/>
</points>
</Connector>
<Connector class="oracle.dbtools.crest.swingui.relational.TVFKRelation" oid="0FDD0AEC-E0B4-AD3C-163E-E601869791A2" otype="FKIndexAssociation" vid_source="3F8B722A-CDE0-C0E3-45E6-F07545D45D9C" vid_target="856A4B06-8A7B-1B98-4720-41981B1E854E">
<hideElementsInCurrentOnly>false</hideElementsInCurrentOnly>
<backgroundColor>-16777216</backgroundColor>
<lineWidth>1</lineWidth>
<points>
<point x="922" y="811"/>
<point x="1023" y="811"/>
</points>
</Connector>
<Connector class="oracle.dbtools.crest.swingui.relational.TVFKRelation" oid="0FFF5186-7135-4483-BA8A-735D374F79BD" otype="FKIndexAssociation" vid_source="0B0BA14B-85C8-D08C-517D-13B0E6FD8F90" vid_target="0298D7B9-1319-7730-DDD3-CF62E7DF6315">
<hideElementsInCurrentOnly>false</hideElementsInCurrentOnly>
<backgroundColor>-16777216</backgroundColor>
<lineWidth>1</lineWidth>
<points>
<point x="867" y="449"/>
<point x="1020" y="449"/>
</points>
</Connector>
<Connector class="oracle.dbtools.crest.swingui.relational.TVFKRelation" oid="2D141DA7-8B28-3796-B677-DE07762EEBC1" otype="FKIndexAssociation" vid_source="506348C7-6C87-607A-F85B-61D6F46B1D2B" vid_target="F78C8A12-2DCB-DCB2-3275-BD0837DCC7F9">
<hideElementsInCurrentOnly>false</hideElementsInCurrentOnly>
<backgroundColor>-16777216</backgroundColor>
<lineWidth>1</lineWidth>
<points>
<point x="1422" y="124"/>
<point x="1298" y="124"/>
</points>
</Connector>
<Connector class="oracle.dbtools.crest.swingui.relational.TVFKRelation" oid="36BFA3E7-359D-0AC1-1153-E8C908C18323" otype="FKIndexAssociation" vid_source="3F8B722A-CDE0-C0E3-45E6-F07545D45D9C" vid_target="0FFD5E25-BA7A-C9BD-7070-078E1702B98A">
<hideElementsInCurrentOnly>false</hideElementsInCurrentOnly>
<backgroundColor>-16777216</backgroundColor>
<lineWidth>1</lineWidth>
<points>
<point x="612" y="801"/>
<point x="448" y="801"/>
</points>
</Connector>
<Connector class="oracle.dbtools.crest.swingui.relational.TVFKRelation" oid="5E3A3F4F-561C-0614-2E50-F11E184391F6" otype="FKIndexAssociation" vid_source="856A4B06-8A7B-1B98-4720-41981B1E854E" vid_target="0298D7B9-1319-7730-DDD3-CF62E7DF6315">
<hideElementsInCurrentOnly>false</hideElementsInCurrentOnly>
<backgroundColor>-16777216</backgroundColor>
<lineWidth>1</lineWidth>
<points>
<point x="1183" y="751"/>
<point x="1183" y="573"/>
</points>
</Connector>
<Connector class="oracle.dbtools.crest.swingui.relational.TVFKRelation" oid="7304FD65-B7CC-5DC2-2A92-3354C1205015" otype="FKIndexAssociation" vid_source="B42246E1-16AD-4B02-6B57-B8B45438AC2B" vid_target="F89EAF2F-DBB8-B593-5FBE-8B22C5D98CBA">
<hideElementsInCurrentOnly>false</hideElementsInCurrentOnly>
<backgroundColor>-16777216</backgroundColor>
<lineWidth>1</lineWidth>
<points>
<point x="871" y="229"/>
<point x="1064" y="229"/>
</points>
</Connector>
<Connector class="oracle.dbtools.crest.swingui.relational.TVFKRelation" oid="8794980B-FB0F-4700-B00E-DD8C4E40E087" otype="FKIndexAssociation" vid_source="3F8B722A-CDE0-C0E3-45E6-F07545D45D9C" vid_target="8179D9BF-DC61-FC5D-42F3-A51929FFD1BE">
<hideElementsInCurrentOnly>false</hideElementsInCurrentOnly>
<backgroundColor>-16777216</backgroundColor>
<lineWidth>1</lineWidth>
<points>
<point x="773" y="749"/>
<point x="773" y="680"/>
</points>
</Connector>
<Connector class="oracle.dbtools.crest.swingui.relational.TVFKRelation" oid="8A8F16C9-FA99-76B8-8D78-C2D44978F955" otype="FKIndexAssociation" vid_source="61694BC1-E692-7E94-168B-77B0F3AD7A35" vid_target="0FFD5E25-BA7A-C9BD-7070-078E1702B98A">
<hideElementsInCurrentOnly>false</hideElementsInCurrentOnly>
<backgroundColor>-16777216</backgroundColor>
<lineWidth>1</lineWidth>
<points>
<point x="266" y="319"/>
<point x="266" y="701"/>
</points>
</Connector>
<Connector class="oracle.dbtools.crest.swingui.relational.TVFKRelation" oid="AF010E93-F598-1862-5232-A62D6C3AAEE2" otype="FKIndexAssociation" vid_source="B42246E1-16AD-4B02-6B57-B8B45438AC2B" vid_target="0B0BA14B-85C8-D08C-517D-13B0E6FD8F90">
<hideElementsInCurrentOnly>false</hideElementsInCurrentOnly>
<backgroundColor>-16777216</backgroundColor>
<lineWidth>1</lineWidth>
<points>
<point x="760" y="255"/>
<point x="760" y="346"/>
</points>
</Connector>
<Connector class="oracle.dbtools.crest.swingui.relational.TVFKRelation" oid="CBC1A3E9-9AF7-635A-C00F-42084DC19AA2" otype="FKIndexAssociation" vid_source="F78C8A12-2DCB-DCB2-3275-BD0837DCC7F9" vid_target="B42246E1-16AD-4B02-6B57-B8B45438AC2B">
<hideElementsInCurrentOnly>false</hideElementsInCurrentOnly>
<backgroundColor>-16777216</backgroundColor>
<lineWidth>1</lineWidth>
<points>
<point x="1037" y="142"/>
<point x="871" y="142"/>
</points>
</Connector>
<Connector class="oracle.dbtools.crest.swingui.relational.TVFKRelation" oid="F7672E97-D2F6-CC9F-67F0-E939443E9135" otype="FKIndexAssociation" vid_source="0B0BA14B-85C8-D08C-517D-13B0E6FD8F90" vid_target="8179D9BF-DC61-FC5D-42F3-A51929FFD1BE">
<hideElementsInCurrentOnly>false</hideElementsInCurrentOnly>
<backgroundColor>-16777216</backgroundColor>
<lineWidth>1</lineWidth>
<points>
<point x="760" y="503"/>
<point x="760" y="557"/>
</points>
</Connector>
<Connector class="oracle.dbtools.crest.swingui.relational.TVFKRelation" oid="FDC5DBEF-641C-0F06-5362-402C35F3F0F1" otype="FKIndexAssociation" vid_source="2D2EF137-9BB6-E640-6588-5CC2F673068F" vid_target="856A4B06-8A7B-1B98-4720-41981B1E854E">
<hideElementsInCurrentOnly>false</hideElementsInCurrentOnly>
<backgroundColor>-16777216</backgroundColor>
<lineWidth>1</lineWidth>
<points>
<point x="1474" y="820"/>
<point x="1343" y="820"/>
</points>
</Connector>
</connectors>
</Diagram>
